"";168.48;0day 0hour 19minute
"";321.39;0day 0hour 7minute
"";484.06;0day 0hour 9minute
"";306.79;0day 0hour 11minute
"";527.08;0day 0hour 15minute
"";288.59;0day 0hour 10minute
"";180.87;0day 0hour 18minute
"";196.27;0day 0hour 5minute
"";137.34;0day 0hour 20minute
"";197.63;0day 0hour 12minute
"";428.51;0day 0hour 7minute
"";155.1;0day 0hour 13minute
"";135.93;0day 0hour 2minute
"";531.82;0day 0hour 4minute
"";101.66;0day 0hour 3minute
"";230.08;0day 0hour 11minute
"";395.61;0day 0hour 19minute
"";229.71;0day 0hour 18minute
"";121.05;0day 0hour 16minute
"";320.77;0day 0hour 18minute
"";254.59;0day 0hour 3minute
"";252.55;0day 0hour 15minute
"";192.82;0day 0hour 20minute
"";218.75;0day 0hour 20minute
"";291.2;0day 0hour 12minute
"";184.68;0day 0hour 7minute
"";134.3;0day 0hour 4minute
"";160.91;0day 0hour 12minute
"";334.7;0day 0hour 10minute
"";314.9;0day 0hour 10minute
"";276.78;0day 0hour 12minute
"";385.3;0day 0hour 6minute
"";157.06;0day 0hour 3minute
"";699.31;0day 0hour 12minute
"";197.07;0day 0hour 15minute
"";397.85;0day 0hour 15minute
"";158.44;0day 0hour 2minute
"";468.93;0day 0hour 4minute
"";337.51;0day 0hour 2minute
"";254.5;0day 0hour 11minute
"";148.65;0day 0hour 11minute
"";319.49;0day 0hour 19minute
"";167.55;0day 0hour 4minute
"";224.95;0day 0hour 14minute
"";612.04;0day 0hour 12minute
"";540.92;0day 0hour 20minute
"";409.47;0day 0hour 3minute
"";98.36;0day 0hour 12minute
"";292.55;0day 0hour 5minute
"";253.12;0day 0hour 10minute
"";1070.66;0day 0hour 15minute
"";220.99;0day 0hour 16minute
"";162.74;0day 0hour 10minute
"";221.42;0day 0hour 12minute
"";448.52;0day 0hour 18minute
"";199.95;0day 0hour 13minute
"";237.66;0day 0hour 17minute
"";259.18;0day 0hour 20minute
"";224.6;0day 0hour 4minute
"";88.9;0day 0hour 9minute
"";232.61;0day 0hour 20minute
"";163.46;0day 0hour 6minute
"";230.32;0day 0hour 15minute
"";278.1;0day 0hour 5minute
"";388.87;0day 0hour 19minute
"";224.89;0day 0hour 13minute
"";626.51;0day 0hour 4minute
"";233.41;0day 0hour 8minute
"";300.83;0day 0hour 4minute
"";228.78;0day 0hour 7minute
"";270.83;0day 0hour 2minute
"";376.39;0day 0hour 13minute
"";163.26;0day 0hour 4minute
"";147.32;0day 0hour 12minute
"";442.41;0day 0hour 6minute
"";510.7;0day 0hour 13minute
"";310.64;0day 0hour 17minute
"";154.97;0day 0hour 6minute
"";230.54;0day 0hour 10minute
"";426.65;0day 0hour 16minute
"";147.58;0day 0hour 6minute
"";304.74;0day 0hour 16minute
"";443.73;0day 0hour 11minute
"";378.37;0day 0hour 11minute
"";294.42;0day 0hour 17minute
"";285.04;0day 0hour 4minute
"";118.62;0day 0hour 7minute
"";288.76;0day 0hour 4minute
"";339.23;0day 0hour 8minute
"";381.28;0day 0hour 11minute
"";330.85;0day 0hour 16minute
"";229.52;0day 0hour 14minute
"";149.58;0day 0hour 5minute
"";158.34;0day 0hour 2minute
"";199.04;0day 0hour 12minute
"";275.2;0day 0hour 12minute
"";144.35;0day 0hour 8minute
"";236.34;0day 0hour 14minute
"";190.25;0day 0hour 18minute
"";724.54;0day 0hour 7minute
"";273.97;0day 0hour 20minute
"";175.44;0day 0hour 11minute
"";122.12;0day 0hour 15minute
"";90.14;0day 0hour 18minute
"";208.06;0day 0hour 8minute
"";711.83;0day 0hour 11minute
"";348.35;0day 0hour 11minute
"";355.28;0day 0hour 14minute
"";186.21;0day 0hour 9minute
"";273.83;0day 0hour 14minute
"";292.17;0day 0hour 18minute
"";133.1;0day 0hour 7minute
"";350.41;0day 0hour 3minute
"";149.42;0day 0hour 5minute
"";476.72;0day 0hour 20minute
"";415.06;0day 0hour 13minute
"";196.74;0day 0hour 4minute
"";136.71;0day 0hour 10minute
"";447.16;0day 0hour 9minute
"";1234.57;0day 0hour 14minute
"";244.96;0day 0hour 6minute
"";254.67;0day 0hour 4minute
"";247.48;0day 0hour 6minute
"";586.07;0day 0hour 17minute
"";219.64;0day 0hour 15minute
"";131.12;0day 0hour 9minute
"";215.83;0day 0hour 18minute
"";822.02;0day 0hour 7minute
"";376.07;0day 0hour 7minute
"";255.18;0day 0hour 13minute
"";120.12;0day 0hour 7minute
"";365.41;0day 0hour 20minute
"";112.75;0day 0hour 4minute
"";267.62;0day 0hour 7minute
"";229.34;0day 0hour 20minute
"";260.44;0day 0hour 9minute
"";118.0;0day 0hour 4minute
"";284.36;0day 0hour 2minute
"";350.71;0day 0hour 4minute
"";304.46;0day 0hour 9minute
"";373.16;0day 0hour 17minute
"";98.19;0day 0hour 5minute
"";144.47;0day 0hour 17minute
"";276.35;0day 0hour 5minute
"";92.37;0day 0hour 10minute
"";128.04;0day 0hour 16minute
"";251.17;0day 0hour 19minute
"";287.17;0day 0hour 4minute
"";492.68;0day 0hour 4minute
"";208.71;0day 0hour 15minute
"";205.26;0day 0hour 20minute
"";193.14;0day 0hour 12minute
"";323.08;0day 0hour 19minute
"";151.41;0day 0hour 11minute
"";173.18;0day 0hour 3minute
"";274.57;0day 0hour 6minute
"";314.78;0day 0hour 8minute
"";282.87;0day 0hour 11minute
"";381.83;0day 0hour 19minute
"";500.38;0day 0hour 10minute
"";349.27;0day 0hour 16minute
"";130.84;0day 0hour 7minute
"";541.88;0day 0hour 4minute
"";216.46;0day 0hour 4minute
"";187.36;0day 0hour 7minute
"";128.01;0day 0hour 11minute
"";204.19;0day 0hour 7minute
"";557.24;0day 0hour 12minute
"";393.09;0day 0hour 10minute
"";535.17;0day 0hour 17minute
"";390.45;0day 0hour 13minute
"";117.18;0day 0hour 20minute
"";295.81;0day 0hour 7minute
"";258.41;0day 0hour 12minute
"";160.24;0day 0hour 20minute
"";548.45;0day 0hour 13minute
"";122.77;0day 0hour 4minute
"";222.46;0day 0hour 20minute
"";215.2;0day 0hour 2minute
"";159.0;0day 0hour 19minute
"";176.41;0day 0hour 7minute
"";113.52;0day 0hour 15minute
"";645.64;0day 0hour 17minute
"";273.28;0day 0hour 6minute
"";68.23;0day 0hour 16minute
"";126.1;0day 0hour 15minute
"";503.07;0day 0hour 18minute
"";231.16;0day 0hour 2minute
"";304.88;0day 0hour 10minute
"";208.64;0day 0hour 13minute
"";224.13;0day 0hour 15minute
"";270.25;0day 0hour 6minute
"";269.04;0day 0hour 7minute
"";69.61;0day 0hour 10minute
"";406.37;0day 0hour 18minute
"";128.16;0day 0hour 3minute
"";245.3;0day 0hour 12minute
"";204.18;0day 0hour 4minute
"";369.41;0day 0hour 14minute
"";326.58;0day 0hour 16minute
"";502.87;0day 0hour 13minute
"";583.44;0day 0hour 13minute
"";109.85;0day 0hour 6minute
"";513.23;0day 0hour 15minute
"";133.17;0day 0hour 8minute
"";373.34;0day 0hour 4minute
"";164.8;0day 0hour 17minute
"";550.66;0day 0hour 12minute
"";171.64;0day 0hour 6minute
"";153.1;0day 0hour 6minute
"";170.06;0day 0hour 13minute
"";290.84;0day 0hour 10minute
"";243.99;0day 0hour 13minute
"";155.89;0day 0hour 10minute
"";430.01;0day 0hour 10minute
"";250.89;0day 0hour 8minute
"";694.2;0day 0hour 7minute
"";114.08;0day 0hour 16minute
"";308.12;0day 0hour 20minute
"";494.1;0day 0hour 4minute
"";75.57;0day 0hour 10minute
"";392.46;0day 0hour 18minute
"";249.03;0day 0hour 11minute
"";169.25;0day 0hour 13minute
"";214.88;0day 0hour 2minute
"";392.12;0day 0hour 6minute
"";199.74;0day 0hour 16minute
"";240.48;0day 0hour 13minute
"";132.22;0day 0hour 3minute
"";534.86;0day 0hour 7minute
"";331.68;0day 0hour 19minute
"";234.51;0day 0hour 6minute
"";244.66;0day 0hour 13minute
"";235.71;0day 0hour 20minute
"";180.87;0day 0hour 6minute
"";198.71;0day 0hour 19minute
"";200.42;0day 0hour 20minute
"";406.16;0day 0hour 8minute
"";545.83;0day 0hour 11minute
"";317.47;0day 0hour 11minute
"";261.99;0day 0hour 16minute
"";597.09;0day 0hour 7minute
"";275.07;0day 0hour 3minute
"";695.58;0day 0hour 16minute
"";284.69;0day 0hour 11minute
"";202.49;0day 0hour 14minute
"";300.92;0day 0hour 11minute
"";109.76;0day 0hour 11minute
"";373.16;0day 0hour 7minute
"";301.06;0day 0hour 10minute
"";371.36;0day 0hour 6minute
"";247.84;0day 0hour 7minute
"";214.2;0day 0hour 7minute
"";298.38;0day 0hour 15minute
"";291.92;0day 0hour 12minute
"";659.6;0day 0hour 2minute
"";148.6;0day 0hour 10minute
"";251.37;0day 0hour 5minute
"";343.39;0day 0hour 15minute
"";440.17;0day 0hour 3minute
"";1028.66;0day 0hour 5minute
"";805.46;0day 0hour 12minute
"";321.74;0day 0hour 8minute
"";395.1;0day 0hour 15minute
"";352.71;0day 0hour 15minute
"";596.04;0day 0hour 4minute
"";328.56;0day 0hour 16minute
"";226.21;0day 0hour 14minute
"";184.49;0day 0hour 17minute
"";435.67;0day 0hour 6minute
"";220.95;0day 0hour 6minute
"";134.63;0day 0hour 4minute
"";262.65;0day 0hour 5minute
"";220.26;0day 0hour 9minute
"";318.39;0day 0hour 14minute
"";228.44;0day 0hour 15minute
"";372.36;0day 0hour 13minute
"";345.51;0day 0hour 9minute
"";199.49;0day 0hour 9minute
"";174.91;0day 0hour 11minute
"";69.26;0day 0hour 9minute
"";166.78;0day 0hour 18minute
"";185.34;0day 0hour 18minute
"";353.12;0day 0hour 2minute
"";198.51;0day 0hour 4minute
"";264.45;0day 0hour 6minute
"";661.47;0day 0hour 3minute
"";503.41;0day 0hour 5minute
"";171.1;0day 0hour 9minute
"";525.26;0day 0hour 18minute
"";176.33;0day 0hour 18minute
"";161.84;0day 0hour 8minute
"";369.68;0day 0hour 18minute
"";271.69;0day 0hour 11minute
"";170.3;0day 0hour 12minute
"";507.27;0day 0hour 20minute
"";125.0;0day 0hour 16minute
"";456.82;0day 0hour 6minute
"";149.35;0day 0hour 5minute
"";127.66;0day 0hour 19minute
"";980.39;0day 0hour 14minute
"";204.57;0day 0hour 8minute
"";87.59;0day 0hour 16minute
"";630.28;0day 0hour 15minute
"";122.34;0day 0hour 19minute
"";324.53;0day 0hour 7minute
"";155.41;0day 0hour 19minute
"";149.62;0day 0hour 17minute
"";346.25;0day 0hour 19minute
"";410.39;0day 0hour 15minute
"";142.1;0day 0hour 13minute
"";407.04;0day 0hour 10minute
"";380.31;0day 0hour 6minute
"";189.52;0day 0hour 13minute
"";121.77;0day 0hour 12minute
"";313.03;0day 0hour 13minute
"";693.73;0day 0hour 6minute
"";115.96;0day 0hour 20minute
"";80.16;0day 0hour 7minute
"";334.77;0day 0hour 9minute
"";154.05;0day 0hour 5minute
"";314.7;0day 0hour 18minute
"";625.42;0day 0hour 10minute
"";325.36;0day 0hour 7minute
"";201.46;0day 0hour 14minute
"";228.49;0day 0hour 5minute
"";117.67;0day 0hour 8minute
"";174.87;0day 0hour 7minute
"";587.89;0day 0hour 15minute
"";460.46;0day 0hour 13minute
"";177.15;0day 0hour 15minute
"";671.54;0day 0hour 2minute
"";200.5;0day 0hour 12minute
"";718.38;0day 0hour 16minute
"";98.85;0day 0hour 11minute
"";122.04;0day 0hour 12minute
"";292.08;0day 0hour 11minute
"";179.99;0day 0hour 4minute
"";203.83;0day 0hour 14minute
"";212.23;0day 0hour 16minute
"";512.25;0day 0hour 15minute
"";192.97;0day 0hour 2minute
"";336.65;0day 0hour 18minute
"";207.61;0day 0hour 12minute
"";331.28;0day 0hour 15minute
"";372.04;0day 0hour 13minute
"";646.33;0day 0hour 5minute
"";743.23;0day 0hour 19minute
"";383.33;0day 0hour 8minute
"";215.05;0day 0hour 18minute
"";171.28;0day 0hour 15minute
"";191.73;0day 0hour 9minute
"";146.89;0day 0hour 12minute
"";101.98;0day 0hour 19minute
"";265.16;0day 0hour 14minute
"";505.3;0day 0hour 9minute
"";110.58;0day 0hour 4minute
"";257.82;0day 0hour 6minute
"";428.33;0day 0hour 20minute
"";273.65;0day 0hour 11minute
"";296.72;0day 0hour 3minute
"";355.7;0day 0hour 7minute
"";291.14;0day 0hour 13minute
"";151.11;0day 0hour 11minute
"";197.27;0day 0hour 14minute
"";552.84;0day 0hour 8minute
"";307.86;0day 0hour 10minute
"";731.88;0day 0hour 10minute
"";193.89;0day 0hour 18minute
"";159.28;0day 0hour 5minute
"";271.08;0day 0hour 13minute
"";245.24;0day 0hour 16minute
"";1104.74;0day 0hour 20minute
"";116.09;0day 0hour 16minute
"";582.16;0day 0hour 8minute
"";175.26;0day 0hour 9minute
"";122.25;0day 0hour 4minute
"";200.24;0day 0hour 17minute
"";298.72;0day 0hour 16minute
"";322.2;0day 0hour 8minute
"";493.09;0day 0hour 2minute
"";158.91;0day 0hour 12minute
"";209.83;0day 0hour 16minute
"";234.89;0day 0hour 16minute
"";152.19;0day 0hour 2minute
"";78.72;0day 0hour 7minute
"";150.98;0day 0hour 3minute
"";210.64;0day 0hour 18minute
"";314.64;0day 0hour 16minute
"";214.09;0day 0hour 19minute
"";614.61;0day 0hour 18minute
"";207.73;0day 0hour 2minute
"";559.42;0day 0hour 8minute
"";84.2;0day 0hour 10minute
"";344.55;0day 0hour 14minute
"";202.99;0day 0hour 18minute
"";204.61;0day 0hour 6minute
"";284.83;0day 0hour 7minute
"";162.52;0day 0hour 15minute
"";221.67;0day 0hour 7minute
"";342.65;0day 0hour 4minute
"";261.55;0day 0hour 20minute
"";213.48;0day 0hour 6minute
"";389.12;0day 0hour 3minute
"";292.22;0day 0hour 9minute
"";313.82;0day 0hour 5minute
"";546.12;0day 0hour 16minute
"";91.76;0day 0hour 12minute
"";382.8;0day 0hour 7minute
"";205.68;0day 0hour 13minute
"";152.19;0day 0hour 4minute
"";300.3;0day 0hour 10minute
"";529.35;0day 0hour 6minute
"";314.63;0day 0hour 17minute
"";208.82;0day 0hour 7minute
"";262.57;0day 0hour 16minute
"";142.62;0day 0hour 20minute
"";155.37;0day 0hour 19minute
"";118.43;0day 0hour 2minute
"";293.61;0day 0hour 5minute
"";447.82;0day 0hour 20minute
"";161.93;0day 0hour 10minute
"";262.17;0day 0hour 2minute
"";231.1;0day 0hour 16minute
"";101.01;0day 0hour 10minute
"";131.63;0day 0hour 18minute
"";541.1;0day 0hour 19minute
"";350.46;0day 0hour 7minute
"";226.7;0day 0hour 4minute
"";1095.19;0day 0hour 15minute
"";226.36;0day 0hour 16minute
"";286.87;0day 0hour 20minute
"";304.82;0day 0hour 14minute
"";249.18;0day 0hour 19minute
"";106.46;0day 0hour 16minute
"";161.71;0day 0hour 2minute
"";249.2;0day 0hour 2minute
"";354.09;0day 0hour 7minute
"";149.55;0day 0hour 8minute
"";378.33;0day 0hour 3minute
"";158.11;0day 0hour 8minute
"";657.6;0day 0hour 14minute
"";226.48;0day 0hour 15minute
"";436.14;0day 0hour 6minute
"";348.89;0day 0hour 13minute
"";210.09;0day 0hour 8minute
"";738.61;0day 0hour 8minute
"";216.73;0day 0hour 4minute
"";592.02;0day 0hour 16minute
"";513.35;0day 0hour 14minute
"";168.99;0day 0hour 4minute
"";177.7;0day 0hour 19minute
"";359.23;0day 0hour 2minute
"";474.07;0day 0hour 11minute
"";405.58;0day 0hour 9minute
"";218.89;0day 0hour 19minute
"";766.08;0day 0hour 5minute
"";228.81;0day 0hour 12minute
"";187.79;0day 0hour 19minute
"";530.66;0day 0hour 9minute
"";167.95;0day 0hour 10minute
"";139.25;0day 0hour 7minute
"";169.3;0day 0hour 3minute
"";212.29;0day 0hour 10minute
"";244.85;0day 0hour 11minute
"";133.58;0day 0hour 9minute
"";240.72;0day 0hour 18minute
"";151.37;0day 0hour 4minute
"";182.36;0day 0hour 16minute
"";185.98;0day 0hour 6minute
"";220.34;0day 0hour 16minute
"";454.47;0day 0hour 17minute
"";635.64;0day 0hour 6minute
"";463.85;0day 0hour 19minute
"";321.73;0day 0hour 7minute
"";194.59;0day 0hour 13minute
"";270.44;0day 0hour 17minute
"";209.79;0day 0hour 12minute
"";220.78;0day 0hour 3minute
"";255.34;0day 0hour 14minute
"";383.48;0day 0hour 6minute
"";186.71;0day 0hour 8minute
"";266.45;0day 0hour 11minute
"";375.14;0day 0hour 6minute
"";261.94;0day 0hour 10minute
"";364.88;0day 0hour 14minute
"";202.51;0day 0hour 10minute
"";596.9;0day 0hour 18minute
"";101.3;0day 0hour 9minute
"";758.7;0day 0hour 18minute
"";359.56;0day 0hour 18minute
"";557.41;0day 0hour 3minute
"";137.74;0day 0hour 13minute
"";336.38;0day 0hour 18minute
"";183.49;0day 0hour 15minute
"";692.53;0day 0hour 17minute
"";512.79;0day 0hour 18minute
"";203.45;0day 0hour 16minute
"";633.69;0day 0hour 14minute
"";137.15;0day 0hour 11minute
"";340.79;0day 0hour 20minute
"";268.92;0day 0hour 13minute
"";308.6;0day 0hour 2minute
"";198.35;0day 0hour 9minute
"";279.42;0day 0hour 9minute
"";122.23;0day 0hour 11minute
"";248.82;0day 0hour 10minute
"";207.81;0day 0hour 15minute
"";179.51;0day 0hour 9minute
"";345.6;0day 0hour 15minute
"";215.23;0day 0hour 8minute
"";804.08;0day 0hour 16minute
"";789.26;0day 0hour 19minute
"";175.34;0day 0hour 12minute
"";261.45;0day 0hour 18minute
"";89.42;0day 0hour 18minute
"";832.96;0day 0hour 10minute
"";320.49;0day 0hour 11minute
"";371.04;0day 0hour 20minute
"";601.67;0day 0hour 13minute
"";924.32;0day 0hour 6minute
"";889.61;0day 0hour 11minute
"";190.95;0day 0hour 3minute
"";83.3;0day 0hour 2minute
"";489.72;0day 0hour 2minute
"";344.69;0day 0hour 18minute
"";185.44;0day 0hour 10minute
"";197.05;0day 0hour 14minute
"";209.38;0day 0hour 7minute
"";568.85;0day 0hour 6minute
"";128.62;0day 0hour 9minute
"";331.51;0day 0hour 8minute
"";171.04;0day 0hour 7minute
"";297.15;0day 0hour 9minute
"";169.29;0day 0hour 20minute
"";290.32;0day 0hour 3minute
"";353.03;0day 0hour 19minute
"";601.77;0day 0hour 10minute
"";374.88;0day 0hour 15minute
"";223.89;0day 0hour 12minute
"";205.38;0day 0hour 15minute
"";914.6;0day 0hour 12minute
"";230.08;0day 0hour 7minute
"";289.02;0day 0hour 4minute
"";210.43;0day 0hour 12minute
"";432.64;0day 0hour 6minute
"";111.06;0day 0hour 8minute
"";491.42;0day 0hour 14minute
"";255.71;0day 0hour 19minute
"";295.92;0day 0hour 19minute
"";317.2;0day 0hour 3minute
"";915.67;0day 0hour 4minute
"";149.95;0day 0hour 8minute
"";212.4;0day 0hour 18minute
"";164.7;0day 0hour 10minute
"";166.85;0day 0hour 9minute
"";139.45;0day 0hour 12minute
"";213.63;0day 0hour 15minute
"";290.11;0day 0hour 17minute
"";303.8;0day 0hour 8minute
"";409.02;0day 0hour 17minute
"";265.14;0day 0hour 17minute
"";808.74;0day 0hour 15minute
"";265.97;0day 0hour 15minute
"";288.03;0day 0hour 10minute
"";293.5;0day 0hour 14minute
"";606.62;0day 0hour 8minute
"";339.55;0day 0hour 5minute
"";304.08;0day 0hour 2minute
"";155.79;0day 0hour 3minute
"";516.83;0day 0hour 10minute
"";205.08;0day 0hour 16minute
"";208.85;0day 0hour 10minute
"";249.51;0day 0hour 18minute
"";188.9;0day 0hour 6minute
"";216.18;0day 0hour 14minute
"";521.96;0day 0hour 14minute
"";335.87;0day 0hour 9minute
"";178.64;0day 0hour 17minute
"";342.17;0day 0hour 17minute
"";307.75;0day 0hour 3minute
"";354.87;0day 0hour 6minute
"";119.26;0day 0hour 16minute
"";361.19;0day 0hour 14minute
"";376.48;0day 0hour 4minute
"";512.91;0day 0hour 6minute
"";501.23;0day 0hour 10minute
"";488.46;0day 0hour 15minute
"";527.0;0day 0hour 20minute
"";250.88;0day 0hour 6minute
"";283.96;0day 0hour 6minute
"";167.76;0day 0hour 15minute
"";335.54;0day 0hour 17minute
"";443.15;0day 0hour 16minute
"";421.0;0day 0hour 5minute
"";106.66;0day 0hour 9minute
"";388.71;0day 0hour 12minute
"";200.81;0day 0hour 5minute
"";221.92;0day 0hour 17minute
"";71.67;0day 0hour 14minute
"";114.49;0day 0hour 2minute
"";310.62;0day 0hour 9minute
"";354.15;0day 0hour 5minute
"";746.24;0day 0hour 17minute
"";242.25;0day 0hour 14minute
"";181.18;0day 0hour 3minute
"";241.81;0day 0hour 12minute
"";218.76;0day 0hour 4minute
"";261.76;0day 0hour 13minute
"";322.97;0day 0hour 4minute
"";144.63;0day 0hour 17minute
"";106.95;0day 0hour 3minute
"";420.43;0day 0hour 5minute
"";305.47;0day 0hour 3minute
"";139.06;0day 0hour 9minute
"";328.08;0day 0hour 6minute
"";125.82;0day 0hour 18minute
"";319.06;0day 0hour 7minute
"";310.27;0day 0hour 20minute
"";385.04;0day 0hour 7minute
"";195.03;0day 0hour 19minute
"";258.01;0day 0hour 13minute
"";175.09;0day 0hour 15minute
"";566.93;0day 0hour 19minute
"";135.62;0day 0hour 12minute
"";172.28;0day 0hour 2minute
"";561.51;0day 0hour 18minute
"";670.88;0day 0hour 12minute
"";142.75;0day 0hour 4minute
"";290.02;0day 0hour 8minute
"";314.57;0day 0hour 20minute
"";187.73;0day 0hour 5minute
"";204.7;0day 0hour 16minute
"";584.64;0day 0hour 6minute
"";502.49;0day 0hour 11minute
"";608.37;0day 0hour 17minute
"";344.54;0day 0hour 14minute
"";96.45;0day 0hour 9minute
"";331.85;0day 0hour 9minute
"";203.48;0day 0hour 12minute
"";114.67;0day 0hour 9minute
"";1013.68;0day 0hour 8minute
"";145.73;0day 0hour 5minute
"";749.98;0day 0hour 2minute
"";521.05;0day 0hour 13minute
"";321.94;0day 0hour 18minute
"";225.38;0day 0hour 5minute
"";89.53;0day 0hour 20minute
"";258.53;0day 0hour 20minute
"";376.14;0day 0hour 16minute
"";218.86;0day 0hour 13minute
"";521.49;0day 0hour 11minute
"";237.88;0day 0hour 13minute
"";236.0;0day 0hour 8minute
"";196.64;0day 0hour 9minute
"";545.38;0day 0hour 20minute
"";225.6;0day 0hour 2minute
"";66.98;0day 0hour 9minute
"";130.19;0day 0hour 17minute
"";574.53;0day 0hour 5minute
"";226.14;0day 0hour 9minute
"";329.31;0day 0hour 3minute
"";321.53;0day 0hour 15minute
"";392.11;0day 0hour 17minute
"";170.87;0day 0hour 2minute
"";181.17;0day 0hour 5minute
"";720.09;0day 0hour 3minute
"";283.08;0day 0hour 8minute
"";236.09;0day 0hour 12minute
"";327.99;0day 0hour 16minute
"";632.26;0day 0hour 9minute
"";173.87;0day 0hour 7minute
"";324.74;0day 0hour 14minute
"";153.65;0day 0hour 18minute
"";220.62;0day 0hour 7minute
"";157.57;0day 0hour 5minute
"";297.38;0day 0hour 12minute
"";146.94;0day 0hour 8minute
"";213.39;0day 0hour 15minute
"";283.38;0day 0hour 13minute
"";299.21;0day 0hour 20minute
"";95.46;0day 0hour 2minute
"";227.55;0day 0hour 11minute
"";188.41;0day 0hour 20minute
"";258.97;0day 0hour 4minute
"";441.73;0day 0hour 18minute
"";537.43;0day 0hour 11minute
"";157.27;0day 0hour 7minute
"";138.66;0day 0hour 4minute
"";241.54;0day 0hour 18minute
"";214.18;0day 0hour 9minute
"";439.81;0day 0hour 15minute
"";283.11;0day 0hour 5minute
"";128.45;0day 0hour 19minute
"";186.19;0day 0hour 19minute
"";227.14;0day 0hour 7minute
"";131.6;0day 0hour 8minute
"";479.69;0day 0hour 18minute
"";144.29;0day 0hour 8minute
"";625.11;0day 0hour 2minute
"";424.07;0day 0hour 4minute
"";356.95;0day 0hour 5minute
"";147.16;0day 0hour 18minute
"";171.62;0day 0hour 4minute
"";1107.64;0day 0hour 11minute
"";502.92;0day 0hour 10minute
"";262.57;0day 0hour 17minute
"";329.26;0day 0hour 20minute
"";315.9;0day 0hour 10minute
"";222.83;0day 0hour 5minute
"";645.42;0day 0hour 2minute
"";94.85;0day 0hour 14minute
"";128.4;0day 0hour 2minute
"";764.22;0day 0hour 4minute
"";320.54;0day 0hour 16minute
"";213.38;0day 0hour 19minute
"";482.35;0day 0hour 18minute
"";185.76;0day 0hour 4minute
"";447.03;0day 0hour 16minute
"";796.0;0day 0hour 7minute
"";259.49;0day 0hour 4minute
"";288.87;0day 0hour 12minute
"";260.29;0day 0hour 13minute
"";127.46;0day 0hour 6minute
"";143.81;0day 0hour 9minute
"";315.67;0day 0hour 13minute
"";81.67;0day 0hour 11minute
"";444.58;0day 0hour 18minute
"";391.59;0day 0hour 15minute
"";198.17;0day 0hour 6minute
"";325.55;0day 0hour 6minute
"";169.06;0day 0hour 13minute
"";271.96;0day 0hour 13minute
"";956.12;0day 0hour 15minute
"";691.79;0day 0hour 16minute
"";206.35;0day 0hour 20minute
"";281.48;0day 0hour 16minute
"";246.24;0day 0hour 13minute
"";517.39;0day 0hour 9minute
"";325.36;0day 0hour 14minute
"";198.78;0day 0hour 18minute
"";285.18;0day 0hour 17minute
"";228.48;0day 0hour 8minute
"";312.91;0day 0hour 3minute
"";223.99;0day 0hour 16minute
"";663.06;0day 0hour 6minute
"";147.28;0day 0hour 7minute
"";670.19;0day 0hour 2minute
"";127.47;0day 0hour 14minute
"";620.33;0day 0hour 8minute
"";90.66;0day 0hour 8minute
"";301.47;0day 0hour 20minute
"";156.79;0day 0hour 13minute
"";380.68;0day 0hour 12minute
"";410.64;0day 0hour 20minute
"";299.2;0day 0hour 2minute
"";236.01;0day 0hour 19minute
"";168.65;0day 0hour 4minute
"";320.77;0day 0hour 3minute
"";853.61;0day 0hour 18minute
"";169.18;0day 0hour 10minute
"";429.25;0day 0hour 8minute
"";363.15;0day 0hour 11minute
"";452.39;0day 0hour 3minute
"";182.05;0day 0hour 19minute
"";220.77;0day 0hour 2minute
"";206.37;0day 0hour 16minute
"";350.49;0day 0hour 8minute
"";268.52;0day 0hour 8minute
"";633.76;0day 0hour 10minute
"";560.3;0day 0hour 11minute
"";270.6;0day 0hour 8minute
"";227.08;0day 0hour 8minute
"";342.28;0day 0hour 4minute
"";104.26;0day 0hour 19minute
"";158.18;0day 0hour 15minute
"";169.69;0day 0hour 17minute
"";451.65;0day 0hour 7minute
"";918.87;0day 0hour 14minute
"";211.6;0day 0hour 15minute
"";143.97;0day 0hour 2minute
"";192.25;0day 0hour 5minute
"";89.92;0day 0hour 7minute
"";709.26;0day 0hour 13minute
"";242.02;0day 0hour 3minute
"";182.49;0day 0hour 12minute
"";282.29;0day 0hour 12minute
"";111.57;0day 0hour 3minute
"";154.25;0day 0hour 16minute
"";187.98;0day 0hour 13minute
"";200.64;0day 0hour 17minute
"";364.03;0day 0hour 4minute
"";143.44;0day 0hour 15minute
"";231.25;0day 0hour 14minute
"";522.94;0day 0hour 18minute
"";435.0;0day 0hour 7minute
"";353.91;0day 0hour 19minute
"";284.03;0day 0hour 14minute
"";181.49;0day 0hour 8minute
"";224.84;0day 0hour 10minute
"";126.9;0day 0hour 15minute
"";123.62;0day 0hour 3minute
"";326.63;0day 0hour 14minute
"";321.87;0day 0hour 3minute
"";202.48;0day 0hour 6minute
"";357.29;0day 0hour 2minute
"";624.52;0day 0hour 5minute
"";360.66;0day 0hour 13minute
"";253.17;0day 0hour 11minute
"";181.73;0day 0hour 7minute
"";589.25;0day 0hour 15minute
"";114.5;0day 0hour 2minute
"";381.34;0day 0hour 12minute
"";463.75;0day 0hour 4minute
"";341.09;0day 0hour 7minute
"";328.0;0day 0hour 7minute
"";193.0;0day 0hour 17minute
"";136.17;0day 0hour 14minute
"";427.11;0day 0hour 9minute
"";132.25;0day 0hour 20minute
"";606.89;0day 0hour 11minute
"";110.34;0day 0hour 20minute
"";224.27;0day 0hour 11minute
"";196.75;0day 0hour 13minute
"";1005.33;0day 0hour 19minute
"";117.65;0day 0hour 13minute
"";244.75;0day 0hour 4minute
"";102.81;0day 0hour 13minute
"";287.79;0day 0hour 16minute
"";355.37;0day 0hour 7minute
"";240.47;0day 0hour 18minute
"";393.6;0day 0hour 8minute
"";139.27;0day 0hour 4minute
"";204.13;0day 0hour 17minute
"";425.81;0day 0hour 14minute
"";174.42;0day 0hour 13minute
"";181.54;0day 0hour 15minute
"";415.39;0day 0hour 14minute
"";595.76;0day 0hour 11minute
"";229.37;0day 0hour 14minute
"";401.31;0day 0hour 5minute
"";190.83;0day 0hour 11minute
"";157.78;0day 0hour 11minute
"";174.11;0day 0hour 15minute
"";429.87;0day 0hour 13minute
"";291.78;0day 0hour 17minute
"";228.67;0day 0hour 8minute
"";73.27;0day 0hour 15minute
"";206.41;0day 0hour 14minute
"";150.45;0day 0hour 4minute
"";257.8;0day 0hour 18minute
"";99.31;0day 0hour 9minute
"";264.62;0day 0hour 12minute
"";189.13;0day 0hour 19minute
"";872.45;0day 0hour 12minute
"";285.11;0day 0hour 15minute
"";340.77;0day 0hour 20minute
"";138.49;0day 0hour 15minute
"";137.73;0day 0hour 2minute
"";101.12;0day 0hour 19minute
"";191.22;0day 0hour 12minute
"";88.3;0day 0hour 3minute
"";239.31;0day 0hour 18minute
"";367.48;0day 0hour 6minute
"";227.29;0day 0hour 10minute
"";207.85;0day 0hour 13minute
"";413.25;0day 0hour 9minute
"";377.07;0day 0hour 19minute
"";78.22;0day 0hour 19minute
"";188.82;0day 0hour 14minute
"";206.69;0day 0hour 10minute
"";276.5;0day 0hour 4minute
"";289.36;0day 0hour 10minute
"";635.7;0day 0hour 8minute
"";706.06;0day 0hour 9minute
"";1008.82;0day 0hour 18minute
"";241.51;0day 0hour 6minute
"";281.84;0day 0hour 15minute
"";284.45;0day 0hour 14minute
"";350.2;0day 0hour 16minute
"";288.25;0day 0hour 19minute
"";278.65;0day 0hour 5minute
"";247.11;0day 0hour 13minute
"";296.32;0day 0hour 6minute
"";208.49;0day 0hour 16minute
"";402.42;0day 0hour 17minute
"";188.05;0day 0hour 11minute
"";709.97;0day 0hour 18minute
"";109.41;0day 0hour 16minute
"";137.53;0day 0hour 7minute
"";384.35;0day 0hour 6minute
"";313.99;0day 0hour 6minute
"";254.68;0day 0hour 20minute
"";387.71;0day 0hour 18minute
"";1137.68;0day 0hour 7minute
"";810.93;0day 0hour 18minute
"";736.15;0day 0hour 6minute
"";306.6;0day 0hour 15minute
"";258.83;0day 0hour 20minute
"";314.57;0day 0hour 20minute
"";233.97;0day 0hour 20minute
"";219.81;0day 0hour 6minute
"";820.05;0day 0hour 17minute
"";179.86;0day 0hour 10minute
"";294.9;0day 0hour 9minute
"";186.4;0day 0hour 19minute
"";203.73;0day 0hour 10minute
"";165.99;0day 0hour 18minute
"";875.3;0day 0hour 2minute
"";206.98;0day 0hour 17minute
"";151.98;0day 0hour 14minute
"";85.1;0day 0hour 9minute
"";394.78;0day 0hour 11minute
"";138.47;0day 0hour 17minute
"";277.3;0day 0hour 5minute
"";96.8;0day 0hour 8minute
"";74.38;0day 0hour 15minute
"";67.27;0day 0hour 11minute
"";871.98;0day 0hour 14minute
"";147.34;0day 0hour 7minute
"";257.66;0day 0hour 7minute
"";433.25;0day 0hour 18minute
"";466.34;0day 0hour 15minute
"";196.54;0day 0hour 13minute
"";821.19;0day 0hour 19minute
"";285.38;0day 0hour 2minute
"";103.56;0day 0hour 6minute
"";139.92;0day 0hour 10minute
"";185.3;0day 0hour 17minute
"";132.92;0day 0hour 17minute
"";389.59;0day 0hour 12minute
"";229.76;0day 0hour 2minute
"";116.51;0day 0hour 8minute
"";212.04;0day 0hour 9minute
"";604.7;0day 0hour 14minute
"";429.03;0day 0hour 15minute
"";239.55;0day 0hour 9minute
"";82.28;0day 0hour 6minute
"";115.81;0day 0hour 13minute
"";201.04;0day 0hour 20minute
"";702.25;0day 0hour 13minute
"";271.6;0day 0hour 4minute
"";169.82;0day 0hour 9minute
"";201.37;0day 0hour 13minute
"";144.09;0day 0hour 4minute
"";505.85;0day 0hour 19minute
"";190.21;0day 0hour 8minute
"";95.62;0day 0hour 6minute
"";407.18;0day 0hour 8minute
"";295.54;0day 0hour 17minute
"";137.32;0day 0hour 9minute
"";219.77;0day 0hour 11minute
"";169.28;0day 0hour 10minute
"";156.0;0day 0hour 12minute
"";323.45;0day 0hour 12minute
"";333.36;0day 0hour 5minute
"";552.88;0day 0hour 9minute
"";297.09;0day 0hour 19minute
"";752.94;0day 0hour 6minute
"";150.05;0day 0hour 15minute
"";165.57;0day 0hour 13minute
"";706.2;0day 0hour 15minute
"";247.12;0day 0hour 7minute
"";747.35;0day 0hour 4minute
"";515.74;0day 0hour 4minute
"";175.98;0day 0hour 19minute
"";459.56;0day 0hour 10minute
"";368.04;0day 0hour 3minute
"";362.29;0day 0hour 3minute
"";427.55;0day 0hour 15minute
"";276.52;0day 0hour 3minute
"";281.31;0day 0hour 6minute
"";176.36;0day 0hour 8minute
"";84.18;0day 0hour 15minute
"";173.16;0day 0hour 14minute
"";389.86;0day 0hour 9minute
"";226.07;0day 0hour 13minute
"";188.54;0day 0hour 16minute
"";336.15;0day 0hour 17minute
"";572.63;0day 0hour 20minute
"";224.58;0day 0hour 9minute
"";130.82;0day 0hour 9minute
"";337.3;0day 0hour 12minute
"";424.19;0day 0hour 9minute
"";275.87;0day 0hour 14minute
"";417.59;0day 0hour 6minute
"";157.36;0day 0hour 10minute
"";124.7;0day 0hour 8minute
"";376.95;0day 0hour 15minute
"";232.27;0day 0hour 16minute
"";410.94;0day 0hour 19minute
"";222.71;0day 0hour 18minute
"";1253.4;0day 0hour 11minute
"";490.33;0day 0hour 19minute
"";98.81;0day 0hour 7minute
"";299.63;0day 0hour 16minute
"";578.47;0day 0hour 2minute
"";105.38;0day 0hour 12minute
"";305.17;0day 0hour 7minute
"";398.69;0day 0hour 7minute
"";249.16;0day 0hour 4minute
"";193.96;0day 0hour 16minute
"";142.03;0day 0hour 8minute
"";309.5;0day 0hour 12minute
"";135.81;0day 0hour 8minute
"";427.1;0day 0hour 16minute
"";179.72;0day 0hour 17minute
"";300.06;0day 0hour 2minute
"";546.66;0day 0hour 7minute
"";343.87;0day 0hour 14minute
"";343.63;0day 0hour 5minute
"";292.2;0day 0hour 18minute
"";125.72;0day 0hour 7minute
"";501.51;0day 0hour 6minute
"";258.99;0day 0hour 7minute
"";144.28;0day 0hour 8minute
"";803.18;0day 0hour 19minute
"";408.36;0day 0hour 10minute
"";537.51;0day 0hour 7minute
"";670.05;0day 0hour 15minute
"";387.3;0day 0hour 7minute
"";235.46;0day 0hour 12minute
"";149.95;0day 0hour 3minute
"";117.69;0day 0hour 13minute
"";157.65;0day 0hour 13minute
"";165.95;0day 0hour 6minute
"";140.42;0day 0hour 7minute
"";811.12;0day 0hour 14minute
"";337.84;0day 0hour 3minute
"";115.58;0day 0hour 19minute
"";573.37;0day 0hour 20minute
"";196.2;0day 0hour 3minute
"";178.57;0day 0hour 12minute
"";702.09;0day 0hour 15minute
"";659.49;0day 0hour 19minute
"";402.58;0day 0hour 4minute
"";299.75;0day 0hour 4minute
"";658.96;0day 0hour 3minute
"";371.84;0day 0hour 3minute
"";331.3;0day 0hour 8minute
"";540.58;0day 0hour 4minute
"";272.68;0day 0hour 7minute
"";792.48;0day 0hour 6minute
"";117.2;0day 0hour 3minute
"";527.16;0day 0hour 12minute
"";284.66;0day 0hour 19minute
"";399.45;0day 0hour 13minute
"";249.5;0day 0hour 16minute
"";220.52;0day 0hour 6minute
"";432.49;0day 0hour 17minute
"";122.73;0day 0hour 9minute
"";338.66;0day 0hour 13minute
"";96.52;0day 0hour 10minute
"";307.55;0day 0hour 3minute
"";145.09;0day 0hour 19minute
"";147.65;0day 0hour 7minute
"";554.34;0day 0hour 2minute
"";598.36;0day 0hour 4minute
"";344.29;0day 0hour 18minute
"";488.79;0day 0hour 19minute
"";127.65;0day 0hour 3minute
"";260.51;0day 0hour 17minute
"";326.09;0day 0hour 7minute
"";333.01;0day 0hour 8minute
"";365.82;0day 0hour 9minute
"";245.82;0day 0hour 6minute
"";324.97;0day 0hour 20minute
"";179.42;0day 0hour 17minute
"";353.36;0day 0hour 10minute
"";829.45;0day 0hour 8minute
"";361.36;0day 0hour 9minute
"";144.68;0day 0hour 2minute
"";307.54;0day 0hour 10minute
"";236.26;0day 0hour 13minute
"";109.49;0day 0hour 7minute
"";614.34;0day 0hour 8minute
"";521.11;0day 0hour 10minute
"";314.14;0day 0hour 15minute
"";238.6;0day 0hour 17minute
"";286.98;0day 0hour 17minute
"";416.22;0day 0hour 14minute
"";178.28;0day 0hour 2minute
"";137.38;0day 0hour 15minute
"";498.89;0day 0hour 4minute
"";144.73;0day 0hour 7minute
"";161.46;0day 0hour 7minute
"";147.63;0day 0hour 19minute
"";771.91;0day 0hour 11minute
"";361.59;0day 0hour 12minute
"";106.56;0day 0hour 8minute
"";198.93;0day 0hour 7minute
"";223.71;0day 0hour 17minute
"";324.78;0day 0hour 13minute
"";217.7;0day 0hour 18minute
"";429.35;0day 0hour 8minute
"";213.54;0day 0hour 18minute
"";241.38;0day 0hour 16minute
"";102.97;0day 0hour 15minute
"";529.78;0day 0hour 7minute
"";177.35;0day 0hour 11minute
"";78.84;0day 0hour 9minute
"";332.79;0day 0hour 20minute
"";563.31;0day 0hour 20minute
"";285.05;0day 0hour 12minute
"";288.08;0day 0hour 10minute
"";157.42;0day 0hour 5minute
"";282.31;0day 0hour 3minute
"";599.67;0day 0hour 15minute
"";223.99;0day 0hour 13minute
"";179.0;0day 0hour 16minute
"";278.79;0day 0hour 16minute
"";357.87;0day 0hour 9minute
"";303.13;0day 0hour 11minute
"";82.85;0day 0hour 15minute
"";91.42;0day 0hour 9minute
"";243.27;0day 0hour 17minute
"";204.67;0day 0hour 14minute
"";151.25;0day 0hour 2minute
"";350.32;0day 0hour 5minute
"";170.04;0day 0hour 2minute
"";212.74;0day 0hour 20minute
"";207.08;0day 0hour 6minute
"";296.6;0day 0hour 11minute
"";326.24;0day 0hour 5minute
"";371.97;0day 0hour 17minute
"";363.77;0day 0hour 9minute
"";144.67;0day 0hour 12minute
"";225.39;0day 0hour 4minute
"";196.84;0day 0hour 10minute
"";135.04;0day 0hour 3minute
"";325.35;0day 0hour 19minute
"";266.89;0day 0hour 18minute
"";86.54;0day 0hour 13minute
"";325.18;0day 0hour 11minute
"";254.49;0day 0hour 8minute
"";219.34;0day 0hour 5minute
"";533.14;0day 0hour 14minute
"";438.25;0day 0hour 6minute
"";649.13;0day 0hour 15minute
"";195.18;0day 0hour 3minute
"";107.24;0day 0hour 4minute
"";423.37;0day 0hour 15minute
"";126.78;0day 0hour 14minute
"";230.03;0day 0hour 19minute
"";218.97;0day 0hour 10minute
"";469.62;0day 0hour 2minute
"";102.62;0day 0hour 16minute
"";547.89;0day 0hour 14minute
"";176.43;0day 0hour 7minute
"";664.93;0day 0hour 8minute
"";109.68;0day 0hour 6minute
"";136.78;0day 0hour 4minute
"";409.09;0day 0hour 15minute
"";584.48;0day 0hour 8minute
"";155.78;0day 0hour 8minute
"";175.16;0day 0hour 12minute
"";86.07;0day 0hour 20minute
"";134.35;0day 0hour 4minute
"";292.39;0day 0hour 12minute
"";571.09;0day 0hour 16minute
"";213.55;0day 0hour 9minute
"";172.17;0day 0hour 2minute
"";258.42;0day 0hour 19minute
"";397.55;0day 0hour 13minute
"";383.67;0day 0hour 20minute
"";206.11;0day 0hour 20minute
"";95.98;0day 0hour 5minute
"";101.36;0day 0hour 5minute
"";222.84;0day 0hour 14minute
"";264.91;0day 0hour 9minute
"";339.94;0day 0hour 16minute
"";643.43;0day 0hour 6minute
"";136.07;0day 0hour 17minute
"";372.08;0day 0hour 20minute
"";221.87;0day 0hour 9minute
"";124.87;0day 0hour 15minute
"";498.46;0day 0hour 4minute
"";264.11;0day 0hour 16minute
"";174.75;0day 0hour 4minute
"";381.83;0day 0hour 3minute
"";117.59;0day 0hour 5minute
"";279.9;0day 0hour 20minute
"";192.17;0day 0hour 5minute
"";365.3;0day 0hour 14minute
"";397.98;0day 0hour 17minute
"";542.22;0day 0hour 16minute
"";124.92;0day 0hour 5minute
"";175.99;0day 0hour 10minute
"";256.31;0day 0hour 15minute
"";225.75;0day 0hour 7minute
"";128.79;0day 0hour 11minute
"";598.54;0day 0hour 11minute
"";189.5;0day 0hour 12minute
"";371.53;0day 0hour 11minute
"";442.31;0day 0hour 20minute
"";229.2;0day 0hour 13minute
"";99.55;0day 0hour 19minute
"";431.53;0day 0hour 5minute
"";142.3;0day 0hour 16minute
"";139.6;0day 0hour 2minute
"";139.97;0day 0hour 6minute
"";62.93;0day 0hour 4minute
"";244.08;0day 0hour 9minute
"";107.54;0day 0hour 14minute
"";276.69;0day 0hour 9minute
"";226.53;0day 0hour 4minute
"";263.24;0day 0hour 16minute
"";77.37;0day 0hour 14minute
"";264.51;0day 0hour 20minute
"";248.56;0day 0hour 6minute
"";425.96;0day 0hour 2minute
"";399.56;0day 0hour 4minute
"";322.4;0day 0hour 12minute
"";576.89;0day 0hour 11minute
"";833.54;0day 0hour 20minute
"";195.86;0day 0hour 19minute
"";240.69;0day 0hour 15minute
"";255.81;0day 0hour 18minute
"";338.63;0day 0hour 11minute
"";95.85;0day 0hour 16minute
"";153.64;0day 0hour 8minute
"";439.25;0day 0hour 4minute
"";120.17;0day 0hour 8minute
"";347.03;0day 0hour 5minute
"";374.37;0day 0hour 20minute
"";698.1;0day 0hour 8minute
"";246.12;0day 0hour 9minute
"";643.49;0day 0hour 3minute
"";564.95;0day 0hour 18minute
"";553.68;0day 0hour 15minute
"";293.91;0day 0hour 4minute
"";234.53;0day 0hour 15minute
"";117.0;0day 0hour 12minute
"";340.34;0day 0hour 17minute
"";171.28;0day 0hour 5minute
"";248.93;0day 0hour 17minute
"";101.99;0day 0hour 14minute
"";215.46;0day 0hour 17minute
"";429.31;0day 0hour 15minute
"";451.3;0day 0hour 17minute
"";182.06;0day 0hour 6minute
"";209.35;0day 0hour 14minute
"";112.79;0day 0hour 5minute
"";519.17;0day 0hour 20minute
"";326.02;0day 0hour 3minute
"";403.72;0day 0hour 5minute
"";447.99;0day 0hour 18minute
"";382.89;0day 0hour 13minute
"";324.72;0day 0hour 6minute
"";245.35;0day 0hour 2minute
"";202.99;0day 0hour 18minute
"";78.68;0day 0hour 5minute
"";133.3;0day 0hour 13minute
"";1055.52;0day 0hour 10minute
"";168.47;0day 0hour 19minute
"";84.02;0day 0hour 7minute
"";425.35;0day 0hour 10minute
"";483.3;0day 0hour 10minute
"";161.14;0day 0hour 5minute
"";268.23;0day 0hour 3minute
"";87.05;0day 0hour 12minute
"";236.51;0day 0hour 6minute
"";243.88;0day 0hour 2minute
"";407.69;0day 0hour 19minute
"";228.78;0day 0hour 6minute
"";287.45;0day 0hour 9minute
"";294.41;0day 0hour 8minute
"";327.63;0day 0hour 4minute
"";367.93;0day 0hour 5minute
"";617.38;0day 0hour 11minute
"";198.54;0day 0hour 14minute
"";586.21;0day 0hour 8minute
"";229.18;0day 0hour 3minute
"";139.17;0day 0hour 10minute
"";151.72;0day 0hour 2minute
"";408.06;0day 0hour 10minute
"";135.7;0day 0hour 10minute
"";108.66;0day 0hour 14minute
"";230.62;0day 0hour 6minute
"";319.42;0day 0hour 17minute
"";352.8;0day 0hour 5minute
"";350.31;0day 0hour 11minute
"";238.44;0day 0hour 18minute
"";377.13;0day 0hour 6minute
"";369.61;0day 0hour 10minute
"";111.35;0day 0hour 6minute
"";347.45;0day 0hour 4minute
"";143.23;0day 0hour 20minute
"";278.27;0day 0hour 7minute
"";377.29;0day 0hour 5minute
"";467.16;0day 0hour 4minute
"";423.56;0day 0hour 19minute
"";164.43;0day 0hour 13minute
"";582.89;0day 0hour 10minute
"";270.19;0day 0hour 6minute
"";308.51;0day 0hour 13minute
"";273.54;0day 0hour 19minute
"";422.54;0day 0hour 7minute
"";420.67;0day 0hour 13minute
"";235.3;0day 0hour 17minute
"";383.29;0day 0hour 18minute
"";265.22;0day 0hour 17minute
"";141.85;0day 0hour 15minute
"";361.64;0day 0hour 20minute
"";507.85;0day 0hour 3minute
"";442.98;0day 0hour 19minute
"";198.23;0day 0hour 16minute
"";261.54;0day 0hour 20minute
"";235.76;0day 0hour 11minute
"";96.42;0day 0hour 19minute
"";202.25;0day 0hour 8minute
"";254.53;0day 0hour 2minute
"";255.92;0day 0hour 6minute
"";218.77;0day 0hour 15minute
"";827.9;0day 0hour 12minute
"";554.25;0day 0hour 10minute
"";453.34;0day 0hour 16minute
"";482.4;0day 0hour 2minute
"";93.63;0day 0hour 4minute
"";358.46;0day 0hour 14minute
"";140.3;0day 0hour 12minute
"";205.43;0day 0hour 20minute
"";204.12;0day 0hour 11minute
"";308.66;0day 0hour 12minute
"";185.92;0day 0hour 19minute
"";374.9;0day 0hour 6minute
"";281.53;0day 0hour 11minute
"";326.08;0day 0hour 19minute
"";458.95;0day 0hour 12minute
"";183.04;0day 0hour 15minute
"";183.18;0day 0hour 6minute
"";643.42;0day 0hour 8minute
"";104.61;0day 0hour 4minute
"";313.81;0day 0hour 8minute
"";225.06;0day 0hour 15minute
"";209.92;0day 0hour 14minute
"";124.34;0day 0hour 8minute
"";335.25;0day 0hour 18minute
"";126.43;0day 0hour 8minute
"";112.25;0day 0hour 14minute
"";273.29;0day 0hour 2minute
"";161.21;0day 0hour 9minute
"";662.73;0day 0hour 17minute
"";240.66;0day 0hour 13minute
"";705.88;0day 0hour 16minute
"";135.4;0day 0hour 6minute
"";572.61;0day 0hour 16minute
"";139.16;0day 0hour 10minute
"";161.48;0day 0hour 12minute
"";273.31;0day 0hour 6minute
"";264.24;0day 0hour 11minute
"";485.7;0day 0hour 16minute
"";122.1;0day 0hour 3minute
"";505.94;0day 0hour 19minute
"";179.18;0day 0hour 18minute
"";343.33;0day 0hour 16minute
"";837.92;0day 0hour 14minute
"";453.18;0day 0hour 7minute
"";173.01;0day 0hour 17minute
"";483.05;0day 0hour 19minute
"";106.22;0day 0hour 8minute
"";262.36;0day 0hour 11minute
"";232.19;0day 0hour 10minute
"";182.25;0day 0hour 2minute
"";471.56;0day 0hour 10minute
"";281.86;0day 0hour 2minute
"";140.14;0day 0hour 16minute
"";175.63;0day 0hour 19minute
"";361.16;0day 0hour 12minute
"";187.51;0day 0hour 3minute
"";169.69;0day 0hour 14minute
"";315.33;0day 0hour 9minute
"";127.49;0day 0hour 19minute
"";381.22;0day 0hour 2minute
"";87.27;0day 0hour 10minute
"";191.93;0day 0hour 20minute
"";428.84;0day 0hour 3minute
"";772.65;0day 0hour 7minute
"";93.78;0day 0hour 7minute
"";660.87;0day 0hour 6minute
"";565.59;0day 0hour 13minute
"";190.41;0day 0hour 4minute
"";209.78;0day 0hour 17minute
"";232.89;0day 0hour 13minute
"";256.73;0day 0hour 19minute
"";153.03;0day 0hour 17minute
"";387.52;0day 0hour 12minute
"";538.05;0day 0hour 11minute
"";132.65;0day 0hour 19minute
"";269.51;0day 0hour 9minute
"";316.82;0day 0hour 6minute
"";173.84;0day 0hour 18minute
"";209.96;0day 0hour 5minute
"";265.03;0day 0hour 10minute
"";184.08;0day 0hour 13minute
"";311.55;0day 0hour 19minute
"";246.23;0day 0hour 15minute
"";316.14;0day 0hour 20minute
"";166.16;0day 0hour 5minute
"";202.3;0day 0hour 6minute
"";309.62;0day 0hour 18minute
"";547.4;0day 0hour 4minute
"";209.02;0day 0hour 9minute
"";454.74;0day 0hour 5minute
"";407.12;0day 0hour 20minute
"";84.99;0day 0hour 8minute
"";280.77;0day 0hour 20minute
"";131.7;0day 0hour 8minute
"";104.96;0day 0hour 16minute
"";266.97;0day 0hour 14minute
"";416.63;0day 0hour 12minute
"";269.42;0day 0hour 10minute
"";165.65;0day 0hour 16minute
"";615.82;0day 0hour 15minute
"";458.98;0day 0hour 14minute
"";166.44;0day 0hour 16minute
"";366.95;0day 0hour 18minute
"";431.95;0day 0hour 6minute
"";121.1;0day 0hour 7minute
"";115.65;0day 0hour 17minute
"";179.86;0day 0hour 16minute
"";224.88;0day 0hour 12minute
"";203.38;0day 0hour 17minute
"";143.37;0day 0hour 5minute
"";304.44;0day 0hour 14minute
"";463.2;0day 0hour 18minute
"";203.52;0day 0hour 19minute
"";531.85;0day 0hour 14minute
"";661.09;0day 0hour 19minute
"";132.5;0day 0hour 2minute
"";385.78;0day 0hour 7minute
"";250.17;0day 0hour 6minute
"";255.28;0day 0hour 12minute
"";659.11;0day 0hour 10minute
"";144.29;0day 0hour 18minute
"";364.35;0day 0hour 8minute
"";317.16;0day 0hour 16minute
"";267.74;0day 0hour 18minute
"";320.36;0day 0hour 9minute
"";136.6;0day 0hour 7minute
"";122.1;0day 0hour 19minute
"";284.96;0day 0hour 7minute
"";92.5;0day 0hour 16minute
"";166.98;0day 0hour 19minute
"";187.52;0day 0hour 16minute
"";132.39;0day 0hour 16minute
"";202.42;0day 0hour 5minute
"";121.93;0day 0hour 19minute
"";377.79;0day 0hour 16minute
"";687.17;0day 0hour 16minute
"";165.0;0day 0hour 13minute
"";195.43;0day 0hour 20minute
"";477.54;0day 0hour 9minute
"";220.81;0day 0hour 11minute
"";240.77;0day 0hour 20minute
"";198.01;0day 0hour 18minute
"";552.49;0day 0hour 5minute
"";431.25;0day 0hour 19minute
"";274.21;0day 0hour 14minute
"";207.22;0day 0hour 18minute
"";343.5;0day 0hour 19minute
"";449.66;0day 0hour 3minute
"";235.53;0day 0hour 4minute
"";218.45;0day 0hour 15minute
"";280.94;0day 0hour 7minute
"";871.16;0day 0hour 5minute
"";354.73;0day 0hour 12minute
"";277.11;0day 0hour 3minute
"";412.35;0day 0hour 9minute
"";134.74;0day 0hour 4minute
"";239.28;0day 0hour 16minute
"";337.4;0day 0hour 19minute
"";283.18;0day 0hour 6minute
"";316.87;0day 0hour 15minute
"";142.77;0day 0hour 18minute
"";286.19;0day 0hour 12minute
"";86.33;0day 0hour 9minute
"";358.67;0day 0hour 11minute
"";328.02;0day 0hour 12minute
"";157.4;0day 0hour 6minute
"";481.09;0day 0hour 19minute
"";388.23;0day 0hour 16minute
"";100.17;0day 0hour 17minute
"";157.58;0day 0hour 6minute
"";233.09;0day 0hour 3minute
"";237.78;0day 0hour 7minute
"";401.26;0day 0hour 16minute
"";310.77;0day 0hour 15minute
"";249.6;0day 0hour 8minute
"";519.22;0day 0hour 15minute
"";377.16;0day 0hour 2minute
"";230.95;0day 0hour 19minute
"";606.93;0day 0hour 10minute
"";310.65;0day 0hour 3minute
"";402.25;0day 0hour 2minute
"";415.88;0day 0hour 11minute
"";324.99;0day 0hour 17minute
"";286.85;0day 0hour 12minute
"";81.57;0day 0hour 6minute
"";399.85;0day 0hour 3minute
"";196.57;0day 0hour 6minute
"";317.89;0day 0hour 20minute
"";79.48;0day 0hour 7minute
"";174.04;0day 0hour 14minute
"";1069.15;0day 0hour 4minute
"";416.57;0day 0hour 20minute
"";132.0;0day 0hour 19minute
"";318.36;0day 0hour 17minute
"";264.68;0day 0hour 20minute
"";298.2;0day 0hour 11minute
"";359.95;0day 0hour 15minute
"";152.19;0day 0hour 20minute
"";265.2;0day 0hour 14minute
"";211.33;0day 0hour 11minute
"";364.49;0day 0hour 20minute
"";118.78;0day 0hour 2minute
"";258.41;0day 0hour 7minute
"";359.41;0day 0hour 11minute
"";305.43;0day 0hour 7minute
"";266.55;0day 0hour 9minute
"";120.7;0day 0hour 3minute
"";172.94;0day 0hour 19minute
"";198.04;0day 0hour 5minute
"";173.03;0day 0hour 2minute
"";225.64;0day 0hour 15minute
"";183.61;0day 0hour 12minute
"";209.51;0day 0hour 16minute
"";500.35;0day 0hour 20minute
"";362.93;0day 0hour 13minute
"";437.08;0day 0hour 10minute
"";181.75;0day 0hour 11minute
"";272.26;0day 0hour 14minute
"";531.49;0day 0hour 12minute
"";546.67;0day 0hour 2minute
"";1069.81;0day 0hour 4minute
"";165.9;0day 0hour 7minute
"";92.99;0day 0hour 18minute
"";380.66;0day 0hour 19minute
"";214.91;0day 0hour 20minute
"";102.14;0day 0hour 15minute
"";241.6;0day 0hour 18minute
"";277.68;0day 0hour 9minute
"";105.14;0day 0hour 17minute
"";269.92;0day 0hour 9minute
"";235.42;0day 0hour 14minute
"";140.54;0day 0hour 9minute
"";336.2;0day 0hour 12minute
"";171.89;0day 0hour 6minute
"";182.52;0day 0hour 18minute
"";682.91;0day 0hour 17minute
"";242.12;0day 0hour 2minute
"";345.89;0day 0hour 15minute
"";341.07;0day 0hour 3minute
"";156.19;0day 0hour 4minute
"";330.73;0day 0hour 18minute
"";304.16;0day 0hour 18minute
"";237.77;0day 0hour 18minute
"";402.85;0day 0hour 14minute
"";336.98;0day 0hour 20minute
"";323.0;0day 0hour 2minute
"";363.15;0day 0hour 8minute
"";221.25;0day 0hour 2minute
"";110.18;0day 0hour 2minute
"";221.22;0day 0hour 13minute
"";398.66;0day 0hour 13minute
"";158.24;0day 0hour 11minute
"";251.27;0day 0hour 11minute
"";153.4;0day 0hour 9minute
"";125.47;0day 0hour 17minute
"";183.12;0day 0hour 17minute
"";305.0;0day 0hour 16minute
"";222.37;0day 0hour 8minute
"";573.33;0day 0hour 4minute
"";213.76;0day 0hour 3minute
"";223.85;0day 0hour 12minute
"";420.4;0day 0hour 17minute
"";484.29;0day 0hour 15minute
"";748.1;0day 0hour 8minute
"";167.35;0day 0hour 10minute
"";291.82;0day 0hour 4minute
"";121.72;0day 0hour 2minute
"";239.06;0day 0hour 3minute
"";258.44;0day 0hour 8minute
"";136.47;0day 0hour 5minute
"";466.21;0day 0hour 3minute
"";208.72;0day 0hour 10minute
"";596.4;0day 0hour 3minute
"";408.93;0day 0hour 6minute
"";302.6;0day 0hour 15minute
"";468.79;0day 0hour 18minute
"";803.49;0day 0hour 10minute
"";393.89;0day 0hour 14minute
"";260.72;0day 0hour 17minute
"";394.6;0day 0hour 10minute
"";285.22;0day 0hour 7minute
"";837.35;0day 0hour 4minute
"";379.83;0day 0hour 14minute
"";281.84;0day 0hour 15minute
"";502.84;0day 0hour 8minute
"";196.42;0day 0hour 7minute
"";84.05;0day 0hour 20minute
"";340.55;0day 0hour 16minute
"";203.76;0day 0hour 9minute
"";376.33;0day 0hour 16minute
"";405.19;0day 0hour 18minute
"";113.56;0day 0hour 13minute
"";84.82;0day 0hour 16minute
"";623.37;0day 0hour 19minute
"";471.48;0day 0hour 13minute
"";190.78;0day 0hour 11minute
"";193.22;0day 0hour 6minute
"";139.58;0day 0hour 5minute
"";364.32;0day 0hour 2minute
"";189.73;0day 0hour 4minute
"";330.04;0day 0hour 10minute
"";406.19;0day 0hour 18minute
"";121.28;0day 0hour 17minute
"";276.9;0day 0hour 4minute
"";473.07;0day 0hour 20minute
"";355.96;0day 0hour 17minute
"";200.24;0day 0hour 18minute
"";270.55;0day 0hour 20minute
"";134.96;0day 0hour 2minute
"";248.38;0day 0hour 9minute
"";624.3;0day 0hour 8minute
"";345.46;0day 0hour 20minute
"";223.25;0day 0hour 11minute
"";202.41;0day 0hour 14minute
"";476.03;0day 0hour 11minute
"";279.65;0day 0hour 15minute
"";119.84;0day 0hour 19minute
"";295.63;0day 0hour 18minute
"";119.79;0day 0hour 5minute
"";138.17;0day 0hour 5minute
"";169.07;0day 0hour 18minute
"";330.14;0day 0hour 6minute
"";289.39;0day 0hour 10minute
"";316.65;0day 0hour 11minute
"";410.03;0day 0hour 8minute
"";524.47;0day 0hour 5minute
"";210.08;0day 0hour 16minute
"";118.66;0day 0hour 16minute
"";328.0;0day 0hour 12minute
"";309.09;0day 0hour 2minute
"";122.89;0day 0hour 5minute
"";184.6;0day 0hour 3minute
"";223.93;0day 0hour 8minute
"";231.36;0day 0hour 10minute
"";83.4;0day 0hour 13minute
"";196.71;0day 0hour 5minute
"";399.17;0day 0hour 10minute
"";345.83;0day 0hour 3minute
"";796.38;0day 0hour 4minute
"";371.62;0day 0hour 9minute
"";632.86;0day 0hour 6minute
"";735.26;0day 0hour 20minute
"";452.82;0day 0hour 16minute
"";134.77;0day 0hour 12minute
"";182.56;0day 0hour 11minute
"";533.93;0day 0hour 4minute
"";204.02;0day 0hour 15minute
"";171.91;0day 0hour 15minute
"";264.88;0day 0hour 12minute
"";490.02;0day 0hour 7minute
"";267.36;0day 0hour 10minute
"";278.44;0day 0hour 10minute
"";227.23;0day 0hour 3minute
"";246.47;0day 0hour 7minute
"";395.04;0day 0hour 14minute
"";262.78;0day 0hour 3minute
"";305.82;0day 0hour 4minute
"";70.99;0day 0hour 11minute
"";165.21;0day 0hour 18minute
"";282.59;0day 0hour 13minute
"";246.17;0day 0hour 20minute
"";303.6;0day 0hour 20minute
"";191.69;0day 0hour 12minute
"";301.96;0day 0hour 12minute
"";493.65;0day 0hour 2minute
"";338.32;0day 0hour 14minute
"";251.01;0day 0hour 17minute
"";342.91;0day 0hour 4minute
"";165.17;0day 0hour 16minute
"";207.99;0day 0hour 10minute
"";261.87;0day 0hour 19minute
"";832.67;0day 0hour 19minute
"";56.42;0day 0hour 18minute
"";487.04;0day 0hour 4minute
"";196.43;0day 0hour 4minute
"";609.65;0day 0hour 4minute
"";180.71;0day 0hour 2minute
"";188.53;0day 0hour 11minute
"";659.92;0day 0hour 3minute
"";303.41;0day 0hour 7minute
"";254.61;0day 0hour 4minute
"";368.5;0day 0hour 4minute
"";549.25;0day 0hour 15minute
"";356.03;0day 0hour 8minute
"";423.11;0day 0hour 16minute
"";152.59;0day 0hour 18minute
"";550.55;0day 0hour 6minute
"";496.87;0day 0hour 16minute
"";205.33;0day 0hour 19minute
"";646.53;0day 0hour 13minute
"";162.41;0day 0hour 9minute
"";133.16;0day 0hour 8minute
"";847.76;0day 0hour 9minute
"";175.26;0day 0hour 18minute
"";386.18;0day 0hour 15minute
"";425.42;0day 0hour 17minute
"";205.59;0day 0hour 8minute
"";308.31;0day 0hour 11minute
"";331.15;0day 0hour 7minute
"";82.8;0day 0hour 5minute
"";84.46;0day 0hour 17minute
"";121.15;0day 0hour 7minute
"";99.45;0day 0hour 12minute
"";263.23;0day 0hour 20minute
"";236.93;0day 0hour 7minute
"";177.92;0day 0hour 19minute
"";355.95;0day 0hour 13minute
"";167.18;0day 0hour 16minute
"";271.65;0day 0hour 18minute
"";121.08;0day 0hour 17minute
"";150.52;0day 0hour 12minute
"";166.59;0day 0hour 2minute
"";421.61;0day 0hour 6minute
"";213.44;0day 0hour 13minute
"";231.91;0day 0hour 20minute
"";241.67;0day 0hour 15minute
"";291.99;0day 0hour 14minute
"";359.59;0day 0hour 11minute
"";727.4;0day 0hour 5minute
"";213.95;0day 0hour 15minute
"";292.2;0day 0hour 2minute
"";247.54;0day 0hour 16minute
"";440.37;0day 0hour 20minute
"";103.38;0day 0hour 15minute
"";183.2;0day 0hour 4minute
"";231.86;0day 0hour 19minute
"";432.27;0day 0hour 7minute
"";310.8;0day 0hour 6minute
"";848.2;0day 0hour 11minute
"";142.96;0day 0hour 20minute
"";196.5;0day 0hour 10minute
"";104.88;0day 0hour 2minute
"";415.48;0day 0hour 16minute
"";262.42;0day 0hour 10minute
"";201.69;0day 0hour 5minute
"";155.24;0day 0hour 11minute
"";494.81;0day 0hour 3minute
"";209.22;0day 0hour 14minute
"";287.49;0day 0hour 18minute
"";424.72;0day 0hour 5minute
"";242.03;0day 0hour 17minute
"";124.78;0day 0hour 6minute
"";266.09;0day 0hour 8minute
"";95.83;0day 0hour 7minute
"";181.57;0day 0hour 13minute
"";245.69;0day 0hour 9minute
"";161.55;0day 0hour 3minute
"";133.39;0day 0hour 9minute
"";87.1;0day 0hour 10minute
"";122.92;0day 0hour 11minute
"";195.81;0day 0hour 4minute
"";960.12;0day 0hour 19minute
"";306.37;0day 0hour 6minute
"";342.72;0day 0hour 8minute
"";271.65;0day 0hour 12minute
"";288.2;0day 0hour 9minute
"";829.28;0day 0hour 2minute
"";284.58;0day 0hour 16minute
"";479.16;0day 0hour 7minute
"";102.77;0day 0hour 15minute
"";345.14;0day 0hour 11minute
"";582.54;0day 0hour 19minute
"";138.78;0day 0hour 16minute
"";127.36;0day 0hour 14minute
"";334.15;0day 0hour 19minute
"";503.2;0day 0hour 17minute
"";250.0;0day 0hour 16minute
"";201.93;0day 0hour 2minute
"";404.28;0day 0hour 8minute
"";119.1;0day 0hour 11minute
"";118.96;0day 0hour 3minute
"";480.62;0day 0hour 13minute
"";704.87;0day 0hour 6minute
"";344.92;0day 0hour 11minute
"";310.03;0day 0hour 16minute
"";338.0;0day 0hour 7minute
"";1093.19;0day 0hour 13minute
"";60.67;0day 0hour 19minute
"";205.13;0day 0hour 10minute
"";112.02;0day 0hour 5minute
"";232.81;0day 0hour 14minute
"";331.19;0day 0hour 13minute
"";274.45;0day 0hour 5minute
"";282.34;0day 0hour 7minute
"";244.45;0day 0hour 3minute
"";331.74;0day 0hour 6minute
"";274.76;0day 0hour 13minute
"";256.91;0day 0hour 5minute
"";312.9;0day 0hour 20minute
"";162.04;0day 0hour 17minute
"";529.64;0day 0hour 19minute
"";663.26;0day 0hour 18minute
"";339.57;0day 0hour 14minute
"";143.84;0day 0hour 13minute
"";264.43;0day 0hour 5minute
"";413.58;0day 0hour 15minute
"";95.56;0day 0hour 17minute
"";401.84;0day 0hour 12minute
"";156.59;0day 0hour 7minute
"";914.9;0day 0hour 11minute
"";248.4;0day 0hour 12minute
"";274.76;0day 0hour 17minute
"";275.56;0day 0hour 17minute
"";580.52;0day 0hour 4minute
"";288.21;0day 0hour 20minute
"";297.36;0day 0hour 9minute
"";882.46;0day 0hour 15minute
"";266.15;0day 0hour 4minute
"";420.58;0day 0hour 9minute
"";150.49;0day 0hour 20minute
"";195.64;0day 0hour 4minute
"";229.66;0day 0hour 14minute
"";627.26;0day 0hour 5minute
"";719.99;0day 0hour 7minute
"";413.51;0day 0hour 7minute
"";724.43;0day 0hour 12minute
"";247.0;0day 0hour 19minute
"";335.95;0day 0hour 16minute
"";396.54;0day 0hour 5minute
"";251.59;0day 0hour 16minute
"";81.78;0day 0hour 19minute
"";233.43;0day 0hour 2minute
"";292.41;0day 0hour 5minute
"";667.88;0day 0hour 6minute
"";208.87;0day 0hour 3minute
"";291.22;0day 0hour 14minute
"";923.01;0day 0hour 7minute
"";520.82;0day 0hour 4minute
"";259.24;0day 0hour 8minute
"";580.73;0day 0hour 17minute
"";242.5;0day 0hour 10minute
"";180.27;0day 0hour 9minute
"";245.79;0day 0hour 16minute
"";542.98;0day 0hour 17minute
"";279.65;0day 0hour 15minute
"";123.85;0day 0hour 17minute
"";138.08;0day 0hour 3minute
"";141.69;0day 0hour 2minute
"";495.4;0day 0hour 4minute
"";276.87;0day 0hour 3minute
"";235.96;0day 0hour 4minute
"";328.91;0day 0hour 10minute
"";155.3;0day 0hour 14minute
"";176.34;0day 0hour 5minute
"";258.05;0day 0hour 3minute
"";223.84;0day 0hour 2minute
"";411.93;0day 0hour 11minute
"";96.03;0day 0hour 11minute
"";548.28;0day 0hour 8minute
"";260.38;0day 0hour 4minute
"";460.16;0day 0hour 15minute
"";209.73;0day 0hour 9minute
"";160.99;0day 0hour 8minute
"";705.23;0day 0hour 2minute
"";398.54;0day 0hour 16minute
"";896.1;0day 0hour 11minute
"";127.77;0day 0hour 19minute
"";336.73;0day 0hour 6minute
"";855.36;0day 0hour 2minute
"";109.47;0day 0hour 7minute
"";191.31;0day 0hour 6minute
"";256.27;0day 0hour 2minute
"";184.23;0day 0hour 10minute
"";359.12;0day 0hour 14minute
"";191.83;0day 0hour 7minute
"";208.78;0day 0hour 8minute
"";217.24;0day 0hour 2minute
"";200.92;0day 0hour 7minute
"";336.79;0day 0hour 4minute
"";228.46;0day 0hour 20minute
"";239.13;0day 0hour 4minute
"";249.77;0day 0hour 9minute
"";172.5;0day 0hour 17minute
"";168.46;0day 0hour 11minute
"";249.14;0day 0hour 2minute
"";304.05;0day 0hour 11minute
"";290.5;0day 0hour 17minute
"";258.24;0day 0hour 10minute
"";220.24;0day 0hour 16minute
"";359.57;0day 0hour 5minute
"";334.85;0day 0hour 9minute
"";128.2;0day 0hour 10minute
"";300.91;0day 0hour 10minute
"";532.03;0day 0hour 7minute
"";250.17;0day 0hour 12minute
"";212.45;0day 0hour 15minute
"";196.74;0day 0hour 13minute
"";174.41;0day 0hour 15minute
"";429.62;0day 0hour 7minute
"";391.61;0day 0hour 16minute
"";162.39;0day 0hour 4minute
"";199.1;0day 0hour 14minute
"";620.02;0day 0hour 7minute
"";183.46;0day 0hour 3minute
"";217.84;0day 0hour 10minute
"";239.79;0day 0hour 18minute
"";390.89;0day 0hour 19minute
"";276.32;0day 0hour 4minute
"";681.72;0day 0hour 17minute
"";215.0;0day 0hour 10minute
"";530.76;0day 0hour 2minute
"";406.55;0day 0hour 3minute
"";643.99;0day 0hour 17minute
"";104.17;0day 0hour 3minute
"";664.98;0day 0hour 17minute
"";95.47;0day 0hour 9minute
"";931.91;0day 0hour 5minute
"";99.3;0day 0hour 4minute
"";72.29;0day 0hour 12minute
"";215.16;0day 0hour 3minute
"";125.42;0day 0hour 14minute
"";243.13;0day 0hour 19minute
"";360.03;0day 0hour 20minute
"";344.9;0day 0hour 7minute
"";152.63;0day 0hour 2minute
"";229.3;0day 0hour 13minute
"";516.92;0day 0hour 5minute
"";134.81;0day 0hour 9minute
"";225.95;0day 0hour 12minute
"";293.5;0day 0hour 7minute
"";136.94;0day 0hour 11minute
"";430.09;0day 0hour 3minute
"";358.74;0day 0hour 5minute
"";181.43;0day 0hour 19minute
"";359.54;0day 0hour 4minute
"";363.67;0day 0hour 11minute
"";532.18;0day 0hour 4minute
"";258.14;0day 0hour 16minute
"";602.32;0day 0hour 7minute
"";339.61;0day 0hour 2minute
"";121.55;0day 0hour 17minute
"";243.63;0day 0hour 12minute
"";141.56;0day 0hour 6minute
"";304.96;0day 0hour 20minute
"";102.41;0day 0hour 13minute
"";268.92;0day 0hour 10minute
"";200.46;0day 0hour 3minute
"";524.58;0day 0hour 4minute
"";458.9;0day 0hour 14minute
"";272.88;0day 0hour 16minute
"";189.93;0day 0hour 13minute
"";472.74;0day 0hour 20minute
"";149.67;0day 0hour 3minute
"";471.86;0day 0hour 19minute
"";469.12;0day 0hour 3minute
"";247.96;0day 0hour 9minute
"";120.3;0day 0hour 19minute
"";197.76;0day 0hour 20minute
"";142.51;0day 0hour 8minute
"";114.71;0day 0hour 4minute
"";794.99;0day 0hour 15minute
"";172.85;0day 0hour 14minute
"";362.27;0day 0hour 8minute
"";385.29;0day 0hour 3minute
"";255.32;0day 0hour 15minute
"";255.99;0day 0hour 8minute
"";119.05;0day 0hour 8minute
"";188.45;0day 0hour 17minute
"";78.42;0day 0hour 7minute
"";495.99;0day 0hour 14minute
"";369.17;0day 0hour 13minute
"";701.52;0day 0hour 2minute
"";100.06;0day 0hour 14minute
"";276.89;0day 0hour 15minute
"";270.0;0day 0hour 10minute
"";183.96;0day 0hour 11minute
"";254.27;0day 0hour 16minute
"";313.52;0day 0hour 2minute
"";282.51;0day 0hour 11minute
"";146.59;0day 0hour 4minute
"";292.36;0day 0hour 6minute
"";358.14;0day 0hour 5minute
"";320.93;0day 0hour 8minute
"";123.58;0day 0hour 7minute
"";280.45;0day 0hour 19minute
"";156.28;0day 0hour 3minute
"";700.44;0day 0hour 7minute
"";91.54;0day 0hour 20minute
"";718.85;0day 0hour 4minute
"";192.94;0day 0hour 5minute
"";164.43;0day 0hour 3minute
"";420.29;0day 0hour 19minute
"";370.35;0day 0hour 16minute
"";518.49;0day 0hour 5minute
"";92.46;0day 0hour 19minute
"";117.14;0day 0hour 2minute
1;261.45;0day 0hour 2minute
2;480.99;0day 0hour 7minute
3;240.2;0day 0hour 10minute
4;451.27;0day 0hour 7minute
5;164.83;0day 0hour 7minute
6;228.47;0day 0hour 3minute
7;337.64;0day 0hour 10minute
8;799.86;0day 0hour 18minute
9;185.42;0day 0hour 10minute
10;427.71;0day 0hour 5minute
11;245.58;0day 0hour 20minute
12;252.12;0day 0hour 8minute
13;829.95;0day 0hour 20minute
14;365.34;0day 0hour 16minute
15;262.82;0day 0hour 3minute
16;454.27;0day 0hour 10minute
17;310.44;0day 0hour 14minute
18;173.2;0day 0hour 5minute
19;200.39;0day 0hour 15minute
20;284.97;0day 0hour 6minute
21;337.02;0day 0hour 16minute
22;249.7;0day 0hour 9minute
23;264.01;0day 0hour 9minute
24;179.99;0day 0hour 2minute
25;258.98;0day 0hour 7minute
26;232.01;0day 0hour 14minute
27;174.07;0day 0hour 13minute
28;97.14;0day 0hour 7minute
29;167.81;0day 0hour 10minute
30;235.23;0day 0hour 10minute
31;376.73;0day 0hour 18minute
32;201.1;0day 0hour 7minute
33;270.39;0day 0hour 7minute
34;140.36;0day 0hour 9minute
35;440.42;0day 0hour 2minute
36;775.81;0day 0hour 7minute
37;188.18;0day 0hour 8minute
38;114.65;0day 0hour 12minute
39;119.93;0day 0hour 14minute
40;88.33;0day 0hour 10minute
41;583.02;0day 0hour 17minute
42;199.41;0day 0hour 16minute
43;253.05;0day 0hour 11minute
44;178.52;0day 0hour 3minute
45;387.15;0day 0hour 17minute
46;208.75;0day 0hour 7minute
47;235.42;0day 0hour 16minute
48;380.6;0day 0hour 18minute
49;392.7;0day 0hour 5minute
50;354.69;0day 0hour 5minute
51;91.83;0day 0hour 15minute
52;187.43;0day 0hour 3minute
53;777.79;0day 0hour 8minute
54;120.35;0day 0hour 4minute
55;249.22;0day 0hour 4minute
56;117.43;0day 0hour 2minute
57;567.44;0day 0hour 14minute
58;554.0;0day 0hour 7minute
59;157.51;0day 0hour 2minute
60;205.56;0day 0hour 2minute
61;277.39;0day 0hour 6minute
62;167.62;0day 0hour 7minute
63;338.97;0day 0hour 7minute
64;157.47;0day 0hour 20minute
65;370.6;0day 0hour 9minute
66;493.01;0day 0hour 15minute
67;1002.23;0day 0hour 18minute
68;946.88;0day 0hour 20minute
69;704.19;0day 0hour 19minute
70;606.55;0day 0hour 20minute
71;92.89;0day 0hour 19minute
72;430.29;0day 0hour 7minute
73;153.6;0day 0hour 4minute
74;291.82;0day 0hour 12minute
75;227.73;0day 0hour 10minute
76;147.46;0day 0hour 11minute
77;183.31;0day 0hour 17minute
78;298.06;0day 0hour 20minute
79;238.6;0day 0hour 12minute
80;795.58;0day 0hour 2minute
81;138.02;0day 0hour 10minute
82;604.62;0day 0hour 20minute
83;580.93;0day 0hour 20minute
84;379.35;0day 0hour 11minute
85;65.14;0day 0hour 12minute
86;527.17;0day 0hour 6minute
87;129.01;0day 0hour 7minute
88;165.58;0day 0hour 6minute
89;172.69;0day 0hour 9minute
90;231.99;0day 0hour 9minute
91;344.58;0day 0hour 10minute
92;269.02;0day 0hour 3minute
93;187.02;0day 0hour 5minute
94;1009.25;0day 0hour 20minute
95;150.74;0day 0hour 6minute
96;422.32;0day 0hour 12minute
97;332.94;0day 0hour 12minute
98;175.37;0day 0hour 15minute
99;465.82;0day 0hour 9minute
100;178.1;0day 0hour 5minute
101;149.39;0day 0hour 2minute
102;451.48;0day 0hour 18minute
103;165.29;0day 0hour 18minute
104;438.98;0day 0hour 4minute
105;108.88;0day 0hour 8minute
106;197.69;0day 0hour 6minute
107;648.22;0day 0hour 10minute
108;196.15;0day 0hour 10minute
109;303.4;0day 0hour 20minute
110;196.76;0day 0hour 11minute
111;138.87;0day 0hour 2minute
112;187.58;0day 0hour 15minute
113;621.7;0day 0hour 6minute
114;128.1;0day 0hour 2minute
115;402.58;0day 0hour 11minute
116;234.47;0day 0hour 13minute
117;165.69;0day 0hour 2minute
118;273.15;0day 0hour 5minute
119;309.74;0day 0hour 3minute
120;431.31;0day 0hour 2minute
121;275.79;0day 0hour 11minute
122;99.29;0day 0hour 18minute
123;278.68;0day 0hour 2minute
124;203.37;0day 0hour 6minute
125;272.92;0day 0hour 20minute
126;389.4;0day 0hour 7minute
127;450.79;0day 0hour 8minute
128;501.26;0day 0hour 17minute
129;439.29;0day 0hour 7minute
130;451.17;0day 0hour 9minute
131;190.61;0day 0hour 3minute
132;308.74;0day 0hour 20minute
133;578.05;0day 0hour 12minute
134;113.12;0day 0hour 13minute
135;653.8;0day 0hour 9minute
136;221.47;0day 0hour 9minute
137;175.77;0day 0hour 18minute
138;1024.15;0day 0hour 8minute
139;676.37;0day 0hour 14minute
140;319.32;0day 0hour 9minute
141;213.82;0day 0hour 15minute
142;230.46;0day 0hour 17minute
143;154.4;0day 0hour 2minute
144;250.19;0day 0hour 4minute
145;150.04;0day 0hour 5minute
146;478.53;0day 0hour 15minute
147;789.85;0day 0hour 15minute
148;102.3;0day 0hour 9minute
149;225.26;0day 0hour 11minute
150;195.11;0day 0hour 20minute
151;289.15;0day 0hour 6minute
152;488.04;0day 0hour 16minute
153;401.66;0day 0hour 20minute
154;167.46;0day 0hour 10minute
155;615.31;0day 0hour 10minute
156;351.77;0day 0hour 19minute
157;348.42;0day 0hour 19minute
158;127.43;0day 0hour 6minute
159;332.17;0day 0hour 7minute
160;136.69;0day 0hour 20minute
161;190.95;0day 0hour 16minute
162;144.9;0day 0hour 5minute
163;189.56;0day 0hour 16minute
164;344.8;0day 0hour 10minute
165;208.67;0day 0hour 15minute
166;526.77;0day 0hour 5minute
167;197.38;0day 0hour 17minute
168;404.67;0day 0hour 17minute
169;622.39;0day 0hour 13minute
170;144.92;0day 0hour 9minute
171;116.65;0day 0hour 12minute
172;470.31;0day 0hour 4minute
173;360.61;0day 0hour 7minute
174;941.14;0day 0hour 20minute
175;170.54;0day 0hour 14minute
176;328.45;0day 0hour 19minute
177;128.18;0day 0hour 17minute
178;415.34;0day 0hour 18minute
179;102.17;0day 0hour 2minute
180;164.1;0day 0hour 8minute
181;249.71;0day 0hour 16minute
182;241.43;0day 0hour 14minute
183;491.02;0day 0hour 17minute
184;652.15;0day 0hour 18minute
185;189.43;0day 0hour 5minute
186;1040.2;0day 0hour 5minute
187;364.61;0day 0hour 8minute
188;743.43;0day 0hour 19minute
189;291.73;0day 0hour 19minute
190;361.26;0day 0hour 16minute
191;676.86;0day 0hour 12minute
192;554.69;0day 0hour 11minute
193;300.75;0day 0hour 13minute
194;248.97;0day 0hour 2minute
195;231.16;0day 0hour 14minute
196;185.35;0day 0hour 7minute
197;923.44;0day 0hour 13minute
198;189.02;0day 0hour 18minute
199;570.1;0day 0hour 13minute
200;253.13;0day 0hour 19minute
201;399.23;0day 0hour 9minute
202;79.27;0day 0hour 7minute
203;430.72;0day 0hour 6minute
204;193.94;0day 0hour 17minute
205;200.22;0day 0hour 17minute
206;439.57;0day 0hour 2minute
207;362.67;0day 0hour 16minute
208;258.43;0day 0hour 15minute
209;199.11;0day 0hour 8minute
210;349.45;0day 0hour 9minute
211;111.5;0day 0hour 6minute
212;312.21;0day 0hour 19minute
213;200.94;0day 0hour 11minute
214;296.08;0day 0hour 7minute
215;319.37;0day 0hour 7minute
216;282.45;0day 0hour 7minute
217;438.78;0day 0hour 2minute
218;455.73;0day 0hour 17minute
219;465.67;0day 0hour 3minute
220;275.68;0day 0hour 10minute
221;243.76;0day 0hour 16minute
222;312.38;0day 0hour 5minute
223;486.08;0day 0hour 19minute
224;915.19;0day 0hour 14minute
225;245.29;0day 0hour 19minute
226;250.65;0day 0hour 9minute
227;277.15;0day 0hour 5minute
228;170.72;0day 0hour 20minute
229;468.65;0day 0hour 2minute
230;180.41;0day 0hour 9minute
231;252.45;0day 0hour 11minute
232;347.28;0day 0hour 18minute
233;252.68;0day 0hour 19minute
234;359.04;0day 0hour 13minute
235;150.51;0day 0hour 9minute
236;941.27;0day 0hour 7minute
237;136.09;0day 0hour 10minute
238;123.88;0day 0hour 18minute
239;214.06;0day 0hour 15minute
240;139.41;0day 0hour 13minute
241;260.16;0day 0hour 2minute
242;147.62;0day 0hour 13minute
243;365.59;0day 0hour 11minute
244;159.48;0day 0hour 15minute
245;267.43;0day 0hour 10minute
246;192.75;0day 0hour 8minute
247;229.81;0day 0hour 8minute
248;119.37;0day 0hour 9minute
249;680.31;0day 0hour 5minute
250;112.46;0day 0hour 20minute
251;80.29;0day 0hour 19minute
252;325.56;0day 0hour 16minute
253;290.56;0day 0hour 7minute
254;166.4;0day 0hour 4minute
255;265.97;0day 0hour 15minute
256;283.06;0day 0hour 2minute
257;464.25;0day 0hour 11minute
258;397.33;0day 0hour 19minute
259;153.24;0day 0hour 17minute
260;510.76;0day 0hour 10minute
261;380.12;0day 0hour 15minute
262;188.35;0day 0hour 3minute
263;156.59;0day 0hour 11minute
264;87.09;0day 0hour 7minute
265;392.52;0day 0hour 14minute
266;406.14;0day 0hour 5minute
267;359.17;0day 0hour 9minute
268;132.23;0day 0hour 14minute
269;882.22;0day 0hour 10minute
270;100.2;0day 0hour 12minute
271;420.92;0day 0hour 9minute
272;306.34;0day 0hour 16minute
273;225.48;0day 0hour 20minute
274;209.17;0day 0hour 11minute
275;194.89;0day 0hour 9minute
276;498.95;0day 0hour 8minute
277;262.28;0day 0hour 7minute
278;274.54;0day 0hour 16minute
279;178.35;0day 0hour 9minute
280;123.53;0day 0hour 13minute
281;199.1;0day 0hour 11minute
282;693.43;0day 0hour 6minute
283;190.02;0day 0hour 2minute
284;228.27;0day 0hour 10minute
285;902.82;0day 0hour 10minute
286;465.13;0day 0hour 8minute
287;419.61;0day 0hour 19minute
288;234.11;0day 0hour 20minute
289;349.92;0day 0hour 8minute
290;268.98;0day 0hour 2minute
291;1094.2;0day 0hour 10minute
292;255.81;0day 0hour 3minute
293;405.5;0day 0hour 14minute
294;198.67;0day 0hour 14minute
295;646.32;0day 0hour 10minute
296;585.8;0day 0hour 3minute
297;897.89;0day 0hour 14minute
298;127.82;0day 0hour 18minute
299;389.37;0day 0hour 10minute
300;752.59;0day 0hour 12minute
301;303.16;0day 0hour 13minute
302;132.53;0day 0hour 2minute
303;588.8;0day 0hour 7minute
304;519.46;0day 0hour 8minute
305;293.79;0day 0hour 20minute
306;243.84;0day 0hour 17minute
307;182.28;0day 0hour 16minute
308;184.63;0day 0hour 18minute
309;198.56;0day 0hour 20minute
310;362.84;0day 0hour 15minute
311;652.7;0day 0hour 10minute
312;112.43;0day 0hour 13minute
313;184.87;0day 0hour 11minute
314;310.46;0day 0hour 20minute
315;756.85;0day 0hour 11minute
316;88.89;0day 0hour 3minute
317;388.55;0day 0hour 12minute
318;645.17;0day 0hour 12minute
319;300.48;0day 0hour 14minute
320;159.65;0day 0hour 4minute
321;143.7;0day 0hour 19minute
322;400.26;0day 0hour 15minute
323;316.87;0day 0hour 15minute
324;292.49;0day 0hour 4minute
325;287.49;0day 0hour 12minute
326;259.49;0day 0hour 18minute
327;180.44;0day 0hour 7minute
328;411.44;0day 0hour 3minute
329;331.49;0day 0hour 6minute
330;93.07;0day 0hour 18minute
331;92.69;0day 0hour 19minute
332;318.92;0day 0hour 12minute
333;234.67;0day 0hour 10minute
334;152.5;0day 0hour 7minute
335;126.02;0day 0hour 2minute
336;153.86;0day 0hour 14minute
337;264.39;0day 0hour 7minute
338;86.5;0day 0hour 20minute
339;64.23;0day 0hour 3minute
340;261.43;0day 0hour 6minute
341;129.96;0day 0hour 5minute
342;338.01;0day 0hour 13minute
343;163.42;0day 0hour 10minute
344;129.07;0day 0hour 12minute
345;700.54;0day 0hour 20minute
346;311.32;0day 0hour 3minute
347;277.54;0day 0hour 13minute
348;327.08;0day 0hour 6minute
349;472.2;0day 0hour 14minute
350;443.26;0day 0hour 12minute
351;271.81;0day 0hour 9minute
352;272.4;0day 0hour 2minute
353;180.51;0day 0hour 20minute
354;382.15;0day 0hour 18minute
355;153.17;0day 0hour 7minute
356;376.58;0day 0hour 14minute
357;161.53;0day 0hour 20minute
358;746.41;0day 0hour 2minute
359;289.9;0day 0hour 5minute
360;592.29;0day 0hour 4minute
361;281.24;0day 0hour 8minute
362;225.13;0day 0hour 8minute
363;606.14;0day 0hour 12minute
364;325.83;0day 0hour 15minute
365;208.73;0day 0hour 10minute
366;175.9;0day 0hour 8minute
367;157.22;0day 0hour 12minute
368;459.37;0day 0hour 7minute
369;138.08;0day 0hour 10minute
370;304.66;0day 0hour 5minute
371;257.4;0day 0hour 9minute
372;209.39;0day 0hour 16minute
373;501.0;0day 0hour 7minute
374;239.76;0day 0hour 4minute
375;241.89;0day 0hour 16minute
376;319.75;0day 0hour 10minute
377;260.8;0day 0hour 19minute
378;145.3;0day 0hour 17minute
379;145.22;0day 0hour 4minute
380;394.49;0day 0hour 10minute
381;425.97;0day 0hour 5minute
382;60.77;0day 0hour 15minute
383;383.5;0day 0hour 4minute
384;277.71;0day 0hour 19minute
385;407.64;0day 0hour 12minute
386;156.52;0day 0hour 20minute
387;316.99;0day 0hour 7minute
388;580.44;0day 0hour 4minute
389;391.73;0day 0hour 16minute
390;102.64;0day 0hour 9minute
391;73.59;0day 0hour 12minute
392;507.44;0day 0hour 4minute
393;236.84;0day 0hour 7minute
394;388.04;0day 0hour 16minute
395;225.17;0day 0hour 8minute
396;111.31;0day 0hour 18minute
397;231.96;0day 0hour 19minute
398;680.47;0day 0hour 20minute
399;175.51;0day 0hour 9minute
400;153.63;0day 0hour 2minute
401;185.44;0day 0hour 10minute
402;243.75;0day 0hour 17minute
403;273.31;0day 0hour 14minute
404;179.87;0day 0hour 7minute
405;86.85;0day 0hour 10minute
406;120.51;0day 0hour 4minute
407;556.67;0day 0hour 10minute
408;227.48;0day 0hour 8minute
409;186.43;0day 0hour 13minute
410;572.56;0day 0hour 15minute
411;391.45;0day 0hour 12minute
412;321.33;0day 0hour 16minute
413;204.7;0day 0hour 20minute
414;355.2;0day 0hour 2minute
415;184.19;0day 0hour 8minute
416;329.1;0day 0hour 10minute
417;400.49;0day 0hour 12minute
418;435.34;0day 0hour 9minute
419;97.31;0day 0hour 3minute
420;244.62;0day 0hour 18minute
421;358.46;0day 0hour 8minute
422;155.21;0day 0hour 13minute
423;577.24;0day 0hour 17minute
424;79.77;0day 0hour 7minute
425;388.2;0day 0hour 7minute
426;294.77;0day 0hour 4minute
427;425.85;0day 0hour 3minute
428;251.57;0day 0hour 8minute
429;397.23;0day 0hour 13minute
430;412.91;0day 0hour 13minute
431;280.79;0day 0hour 7minute
432;641.11;0day 0hour 20minute
433;112.04;0day 0hour 15minute
434;506.45;0day 0hour 12minute
435;148.28;0day 0hour 14minute
436;213.66;0day 0hour 15minute
437;377.99;0day 0hour 10minute
438;108.81;0day 0hour 11minute
439;81.35;0day 0hour 16minute
440;81.85;0day 0hour 4minute
441;200.46;0day 0hour 10minute
442;278.58;0day 0hour 18minute
443;418.88;0day 0hour 6minute
444;175.94;0day 0hour 18minute
445;628.95;0day 0hour 19minute
446;485.15;0day 0hour 20minute
447;280.82;0day 0hour 8minute
448;412.61;0day 0hour 19minute
449;114.76;0day 0hour 10minute
450;256.97;0day 0hour 12minute
451;82.18;0day 0hour 20minute
452;194.03;0day 0hour 18minute
453;191.95;0day 0hour 14minute
454;187.42;0day 0hour 19minute
455;79.55;0day 0hour 3minute
456;115.29;0day 0hour 14minute
457;256.35;0day 0hour 16minute
458;79.93;0day 0hour 5minute
459;289.72;0day 0hour 10minute
460;1287.2;0day 0hour 4minute
461;137.63;0day 0hour 16minute
462;818.82;0day 0hour 19minute
463;559.97;0day 0hour 6minute
464;88.15;0day 0hour 15minute
465;218.68;0day 0hour 2minute
466;178.63;0day 0hour 4minute
467;192.81;0day 0hour 11minute
468;567.18;0day 0hour 3minute
469;506.42;0day 0hour 12minute
470;236.77;0day 0hour 9minute
471;535.65;0day 0hour 3minute
472;236.37;0day 0hour 5minute
473;120.06;0day 0hour 13minute
474;373.96;0day 0hour 4minute
475;880.25;0day 0hour 9minute
476;293.68;0day 0hour 3minute
477;220.38;0day 0hour 6minute
478;315.64;0day 0hour 13minute
479;295.33;0day 0hour 17minute
480;519.14;0day 0hour 8minute
481;330.18;0day 0hour 5minute
482;292.05;0day 0hour 3minute
483;197.28;0day 0hour 4minute
484;225.45;0day 0hour 13minute
485;310.96;0day 0hour 15minute
486;309.52;0day 0hour 6minute
487;137.36;0day 0hour 7minute
488;360.46;0day 0hour 8minute
489;154.03;0day 0hour 10minute
490;273.96;0day 0hour 12minute
491;647.29;0day 0hour 18minute
492;301.11;0day 0hour 12minute
493;224.85;0day 0hour 14minute
494;293.14;0day 0hour 13minute
495;570.2;0day 0hour 11minute
496;138.37;0day 0hour 12minute
497;89.5;0day 0hour 17minute
498;237.88;0day 0hour 16minute
499;674.32;0day 0hour 5minute
500;233.27;0day 0hour 3minute
501;221.86;0day 0hour 11minute
502;88.95;0day 0hour 18minute
503;275.93;0day 0hour 13minute
504;308.49;0day 0hour 17minute
505;217.46;0day 0hour 20minute
506;361.82;0day 0hour 2minute
507;705.18;0day 0hour 15minute
508;120.18;0day 0hour 7minute
509;290.66;0day 0hour 12minute
510;171.02;0day 0hour 14minute
511;109.61;0day 0hour 18minute
512;217.34;0day 0hour 12minute
513;171.15;0day 0hour 11minute
514;238.09;0day 0hour 13minute
515;218.43;0day 0hour 4minute
516;909.07;0day 0hour 9minute
517;179.98;0day 0hour 10minute
518;208.28;0day 0hour 19minute
519;301.62;0day 0hour 10minute
520;153.8;0day 0hour 6minute
521;295.37;0day 0hour 19minute
522;102.19;0day 0hour 3minute
523;345.1;0day 0hour 20minute
524;281.59;0day 0hour 16minute
525;197.88;0day 0hour 2minute
526;840.14;0day 0hour 11minute
527;370.64;0day 0hour 6minute
528;247.24;0day 0hour 18minute
529;164.61;0day 0hour 16minute
530;326.84;0day 0hour 15minute
531;444.01;0day 0hour 14minute
532;317.87;0day 0hour 15minute
533;236.98;0day 0hour 5minute
534;267.81;0day 0hour 20minute
535;369.15;0day 0hour 14minute
536;83.38;0day 0hour 12minute
537;116.85;0day 0hour 20minute
538;253.24;0day 0hour 4minute
539;237.01;0day 0hour 20minute
540;861.15;0day 0hour 19minute
541;311.83;0day 0hour 14minute
542;412.92;0day 0hour 5minute
543;165.92;0day 0hour 14minute
544;343.81;0day 0hour 6minute
545;258.31;0day 0hour 19minute
546;372.22;0day 0hour 19minute
547;193.68;0day 0hour 9minute
548;189.71;0day 0hour 12minute
549;106.14;0day 0hour 9minute
550;218.03;0day 0hour 18minute
551;314.39;0day 0hour 5minute
552;209.97;0day 0hour 12minute
553;535.85;0day 0hour 4minute
554;413.69;0day 0hour 16minute
555;352.29;0day 0hour 13minute
556;118.13;0day 0hour 3minute
557;342.53;0day 0hour 4minute
558;247.12;0day 0hour 16minute
559;245.92;0day 0hour 8minute
560;242.25;0day 0hour 10minute
561;563.76;0day 0hour 20minute
562;311.13;0day 0hour 5minute
563;174.63;0day 0hour 19minute
564;511.89;0day 0hour 8minute
565;557.79;0day 0hour 8minute
566;457.17;0day 0hour 5minute
567;155.96;0day 0hour 17minute
568;780.69;0day 0hour 17minute
569;299.3;0day 0hour 15minute
570;85.09;0day 0hour 5minute
571;264.03;0day 0hour 9minute
572;385.21;0day 0hour 19minute
573;363.7;0day 0hour 20minute
574;333.67;0day 0hour 11minute
575;297.58;0day 0hour 10minute
576;603.62;0day 0hour 4minute
577;214.21;0day 0hour 6minute
578;585.24;0day 0hour 7minute
579;227.0;0day 0hour 9minute
580;121.13;0day 0hour 15minute
581;576.28;0day 0hour 3minute
582;181.53;0day 0hour 11minute
583;169.14;0day 0hour 13minute
584;170.03;0day 0hour 15minute
585;241.78;0day 0hour 7minute
586;359.32;0day 0hour 13minute
587;679.45;0day 0hour 11minute
588;143.8;0day 0hour 17minute
589;1081.37;0day 0hour 3minute
590;245.9;0day 0hour 4minute
591;410.62;0day 0hour 16minute
592;205.88;0day 0hour 2minute
593;282.83;0day 0hour 5minute
594;246.32;0day 0hour 18minute
595;133.74;0day 0hour 19minute
596;449.46;0day 0hour 13minute
597;606.4;0day 0hour 17minute
598;181.4;0day 0hour 20minute
599;250.99;0day 0hour 3minute
600;603.59;0day 0hour 11minute
601;238.8;0day 0hour 16minute
602;265.48;0day 0hour 13minute
603;331.83;0day 0hour 14minute
604;117.53;0day 0hour 17minute
605;548.19;0day 0hour 8minute
606;306.87;0day 0hour 4minute
607;206.45;0day 0hour 4minute
608;174.54;0day 0hour 19minute
609;259.98;0day 0hour 16minute
610;88.73;0day 0hour 19minute
611;948.51;0day 0hour 14minute
612;542.26;0day 0hour 10minute
613;419.14;0day 0hour 13minute
614;149.56;0day 0hour 18minute
615;409.08;0day 0hour 18minute
616;184.72;0day 0hour 4minute
617;574.43;0day 0hour 9minute
618;184.11;0day 0hour 10minute
619;81.29;0day 0hour 20minute
620;268.09;0day 0hour 3minute
621;637.06;0day 0hour 7minute
622;344.33;0day 0hour 14minute
623;201.96;0day 0hour 19minute
624;161.97;0day 0hour 12minute
625;257.99;0day 0hour 13minute
626;331.46;0day 0hour 2minute
627;198.25;0day 0hour 15minute
628;157.84;0day 0hour 9minute
629;121.7;0day 0hour 9minute
630;638.47;0day 0hour 12minute
631;218.4;0day 0hour 18minute
632;322.75;0day 0hour 3minute
633;619.46;0day 0hour 10minute
634;520.27;0day 0hour 17minute
635;527.22;0day 0hour 10minute
636;84.45;0day 0hour 16minute
637;141.14;0day 0hour 15minute
638;188.22;0day 0hour 6minute
639;498.77;0day 0hour 2minute
640;605.78;0day 0hour 4minute
641;196.93;0day 0hour 9minute
642;775.6;0day 0hour 16minute
643;278.63;0day 0hour 13minute
644;256.48;0day 0hour 10minute
645;618.43;0day 0hour 5minute
646;378.89;0day 0hour 3minute
647;75.97;0day 0hour 13minute
648;164.23;0day 0hour 16minute
649;407.42;0day 0hour 16minute
650;485.26;0day 0hour 4minute
651;347.26;0day 0hour 12minute
652;393.86;0day 0hour 11minute
653;311.56;0day 0hour 3minute
654;154.99;0day 0hour 10minute
655;224.93;0day 0hour 18minute
656;618.08;0day 0hour 11minute
657;311.66;0day 0hour 3minute
658;220.43;0day 0hour 18minute
659;152.85;0day 0hour 4minute
660;690.35;0day 0hour 19minute
661;188.0;0day 0hour 6minute
662;515.16;0day 0hour 10minute
663;648.06;0day 0hour 13minute
664;305.16;0day 0hour 4minute
665;145.53;0day 0hour 14minute
666;82.82;0day 0hour 14minute
667;132.03;0day 0hour 6minute
668;381.62;0day 0hour 10minute
669;672.29;0day 0hour 8minute
670;194.8;0day 0hour 19minute
671;141.13;0day 0hour 18minute
672;285.69;0day 0hour 16minute
673;208.4;0day 0hour 6minute
674;261.0;0day 0hour 16minute
675;525.29;0day 0hour 3minute
676;336.82;0day 0hour 19minute
677;219.79;0day 0hour 19minute
678;202.83;0day 0hour 5minute
679;310.71;0day 0hour 5minute
680;960.12;0day 0hour 3minute
681;253.54;0day 0hour 19minute
682;239.25;0day 0hour 5minute
683;302.73;0day 0hour 4minute
684;334.97;0day 0hour 18minute
685;230.07;0day 0hour 15minute
686;211.96;0day 0hour 15minute
687;718.31;0day 0hour 3minute
688;348.66;0day 0hour 12minute
689;531.11;0day 0hour 13minute
690;529.79;0day 0hour 18minute
691;447.49;0day 0hour 10minute
692;207.32;0day 0hour 19minute
693;317.25;0day 0hour 3minute
694;742.3;0day 0hour 15minute
695;238.04;0day 0hour 17minute
696;173.89;0day 0hour 10minute
697;115.88;0day 0hour 11minute
698;106.59;0day 0hour 18minute
699;109.38;0day 0hour 10minute
700;588.02;0day 0hour 15minute
701;552.53;0day 0hour 19minute
702;163.17;0day 0hour 7minute
703;291.38;0day 0hour 9minute
704;243.1;0day 0hour 17minute
705;194.08;0day 0hour 16minute
706;180.82;0day 0hour 16minute
707;565.27;0day 0hour 3minute
708;365.27;0day 0hour 5minute
709;133.54;0day 0hour 18minute
710;221.49;0day 0hour 12minute
711;160.34;0day 0hour 13minute
712;418.27;0day 0hour 8minute
713;302.72;0day 0hour 5minute
714;268.79;0day 0hour 11minute
715;663.67;0day 0hour 3minute
716;118.47;0day 0hour 17minute
717;312.4;0day 0hour 19minute
718;288.91;0day 0hour 7minute
719;988.74;0day 0hour 14minute
720;253.22;0day 0hour 7minute
721;740.93;0day 0hour 7minute
722;208.82;0day 0hour 16minute
723;178.86;0day 0hour 11minute
724;278.08;0day 0hour 6minute
725;120.84;0day 0hour 13minute
726;83.17;0day 0hour 19minute
727;184.06;0day 0hour 2minute
728;162.02;0day 0hour 16minute
729;421.37;0day 0hour 11minute
730;169.02;0day 0hour 18minute
731;187.45;0day 0hour 14minute
732;124.17;0day 0hour 8minute
733;264.43;0day 0hour 5minute
734;326.65;0day 0hour 15minute
735;246.47;0day 0hour 19minute
736;131.31;0day 0hour 13minute
737;126.04;0day 0hour 16minute
738;171.44;0day 0hour 19minute
739;73.23;0day 0hour 16minute
740;471.06;0day 0hour 19minute
741;347.63;0day 0hour 5minute
742;138.35;0day 0hour 6minute
743;301.06;0day 0hour 3minute
744;214.77;0day 0hour 11minute
745;121.88;0day 0hour 6minute
746;299.5;0day 0hour 3minute
747;750.45;0day 0hour 2minute
748;167.84;0day 0hour 16minute
749;362.07;0day 0hour 12minute
750;180.56;0day 0hour 11minute
751;388.63;0day 0hour 8minute
752;171.54;0day 0hour 12minute
753;375.99;0day 0hour 4minute
754;569.28;0day 0hour 5minute
755;430.29;0day 0hour 2minute
756;653.16;0day 0hour 11minute
757;309.61;0day 0hour 4minute
758;511.91;0day 0hour 11minute
759;268.09;0day 0hour 20minute
760;205.44;0day 0hour 9minute
761;163.89;0day 0hour 4minute
762;108.11;0day 0hour 13minute
763;93.88;0day 0hour 18minute
764;150.95;0day 0hour 8minute
765;226.86;0day 0hour 19minute
766;439.09;0day 0hour 18minute
767;404.96;0day 0hour 18minute
768;138.39;0day 0hour 14minute
769;162.05;0day 0hour 2minute
770;336.0;0day 0hour 13minute
771;220.2;0day 0hour 2minute
772;80.88;0day 0hour 13minute
773;569.49;0day 0hour 15minute
774;299.2;0day 0hour 7minute
775;287.39;0day 0hour 2minute
776;79.46;0day 0hour 2minute
777;105.24;0day 0hour 6minute
778;191.48;0day 0hour 7minute
779;288.39;0day 0hour 4minute
780;234.3;0day 0hour 19minute
781;620.94;0day 0hour 17minute
782;819.92;0day 0hour 8minute
783;418.94;0day 0hour 4minute
784;212.38;0day 0hour 19minute
785;114.31;0day 0hour 3minute
786;97.27;0day 0hour 5minute
787;258.14;0day 0hour 20minute
788;362.97;0day 0hour 15minute
789;136.47;0day 0hour 9minute
790;93.19;0day 0hour 4minute
791;336.0;0day 0hour 7minute
792;168.05;0day 0hour 10minute
793;331.83;0day 0hour 2minute
794;173.9;0day 0hour 12minute
795;348.73;0day 0hour 16minute
796;218.55;0day 0hour 19minute
797;422.18;0day 0hour 10minute
798;110.88;0day 0hour 2minute
799;573.07;0day 0hour 14minute
800;129.48;0day 0hour 5minute
801;370.15;0day 0hour 16minute
802;312.54;0day 0hour 2minute
803;201.89;0day 0hour 19minute
804;164.78;0day 0hour 9minute
805;193.19;0day 0hour 7minute
806;614.68;0day 0hour 20minute
807;123.43;0day 0hour 12minute
808;398.97;0day 0hour 14minute
809;345.67;0day 0hour 16minute
810;99.52;0day 0hour 15minute
811;378.51;0day 0hour 18minute
812;137.39;0day 0hour 2minute
813;98.29;0day 0hour 7minute
814;818.51;0day 0hour 14minute
815;264.8;0day 0hour 14minute
816;266.07;0day 0hour 20minute
817;296.55;0day 0hour 14minute
818;437.24;0day 0hour 3minute
819;482.21;0day 0hour 20minute
820;243.27;0day 0hour 20minute
821;98.36;0day 0hour 9minute
822;164.26;0day 0hour 11minute
823;457.75;0day 0hour 11minute
824;255.94;0day 0hour 12minute
825;338.06;0day 0hour 17minute
826;358.17;0day 0hour 18minute
827;315.2;0day 0hour 13minute
828;438.02;0day 0hour 9minute
829;732.16;0day 0hour 17minute
830;316.54;0day 0hour 10minute
831;743.62;0day 0hour 11minute
832;861.59;0day 0hour 14minute
833;599.13;0day 0hour 13minute
834;454.86;0day 0hour 20minute
835;121.46;0day 0hour 8minute
836;309.23;0day 0hour 18minute
837;206.13;0day 0hour 3minute
838;201.04;0day 0hour 16minute
839;266.57;0day 0hour 15minute
840;178.89;0day 0hour 10minute
841;764.56;0day 0hour 20minute
842;170.89;0day 0hour 5minute
843;238.12;0day 0hour 4minute
844;248.25;0day 0hour 8minute
845;165.94;0day 0hour 7minute
846;479.79;0day 0hour 8minute
847;186.59;0day 0hour 8minute
848;181.19;0day 0hour 2minute
849;334.13;0day 0hour 11minute
850;710.75;0day 0hour 12minute
851;204.22;0day 0hour 19minute
852;719.93;0day 0hour 19minute
853;206.26;0day 0hour 10minute
854;512.82;0day 0hour 16minute
855;198.71;0day 0hour 4minute
856;102.53;0day 0hour 8minute
857;323.63;0day 0hour 8minute
858;261.65;0day 0hour 5minute
859;393.34;0day 0hour 18minute
860;699.08;0day 0hour 18minute
861;297.52;0day 0hour 4minute
862;159.3;0day 0hour 17minute
863;207.2;0day 0hour 12minute
864;235.8;0day 0hour 19minute
865;201.47;0day 0hour 10minute
866;367.59;0day 0hour 11minute
867;121.07;0day 0hour 18minute
868;420.59;0day 0hour 6minute
869;211.0;0day 0hour 6minute
870;145.74;0day 0hour 10minute
871;317.08;0day 0hour 16minute
872;642.81;0day 0hour 15minute
873;299.15;0day 0hour 5minute
874;408.07;0day 0hour 20minute
875;72.89;0day 0hour 8minute
876;60.63;0day 0hour 11minute
877;171.57;0day 0hour 4minute
878;159.15;0day 0hour 5minute
879;431.94;0day 0hour 4minute
880;138.41;0day 0hour 14minute
881;631.29;0day 0hour 11minute
882;295.81;0day 0hour 14minute
883;350.44;0day 0hour 5minute
884;180.42;0day 0hour 10minute
885;397.32;0day 0hour 2minute
886;383.8;0day 0hour 16minute
887;395.32;0day 0hour 10minute
888;636.84;0day 0hour 5minute
889;462.18;0day 0hour 17minute
890;138.25;0day 0hour 3minute
891;207.58;0day 0hour 13minute
892;198.04;0day 0hour 6minute
893;838.47;0day 0hour 8minute
894;434.53;0day 0hour 6minute
895;753.68;0day 0hour 8minute
896;552.79;0day 0hour 11minute
897;380.61;0day 0hour 15minute
898;91.78;0day 0hour 12minute
899;223.02;0day 0hour 12minute
900;484.86;0day 0hour 19minute
901;521.47;0day 0hour 19minute
902;362.27;0day 0hour 4minute
903;150.61;0day 0hour 10minute
904;393.13;0day 0hour 19minute
905;223.41;0day 0hour 16minute
906;442.99;0day 0hour 10minute
907;285.29;0day 0hour 7minute
908;224.12;0day 0hour 18minute
909;295.98;0day 0hour 12minute
910;212.15;0day 0hour 17minute
911;301.14;0day 0hour 4minute
912;188.81;0day 0hour 2minute
913;713.47;0day 0hour 10minute
914;336.66;0day 0hour 10minute
915;239.4;0day 0hour 5minute
916;111.73;0day 0hour 18minute
917;274.42;0day 0hour 19minute
918;137.0;0day 0hour 16minute
919;521.51;0day 0hour 8minute
920;814.37;0day 0hour 6minute
921;147.72;0day 0hour 6minute
922;270.63;0day 0hour 6minute
923;387.43;0day 0hour 4minute
924;199.92;0day 0hour 19minute
925;566.32;0day 0hour 16minute
926;273.01;0day 0hour 13minute
927;109.63;0day 0hour 4minute
928;82.91;0day 0hour 7minute
929;226.71;0day 0hour 16minute
930;846.23;0day 0hour 4minute
931;295.98;0day 0hour 19minute
932;139.0;0day 0hour 6minute
933;212.86;0day 0hour 12minute
934;123.49;0day 0hour 18minute
935;451.15;0day 0hour 19minute
936;88.01;0day 0hour 4minute
937;299.71;0day 0hour 19minute
938;227.79;0day 0hour 10minute
939;527.69;0day 0hour 6minute
940;373.7;0day 0hour 13minute
941;329.54;0day 0hour 15minute
942;164.64;0day 0hour 13minute
943;656.19;0day 0hour 11minute
944;171.85;0day 0hour 17minute
945;436.28;0day 0hour 14minute
946;329.78;0day 0hour 13minute
947;214.98;0day 0hour 4minute
948;126.61;0day 0hour 10minute
949;398.04;0day 0hour 13minute
950;386.86;0day 0hour 2minute
951;90.95;0day 0hour 19minute
952;85.52;0day 0hour 5minute
953;183.34;0day 0hour 20minute
954;200.82;0day 0hour 7minute
955;518.78;0day 0hour 4minute
956;358.34;0day 0hour 10minute
957;446.66;0day 0hour 15minute
958;635.06;0day 0hour 9minute
959;225.28;0day 0hour 6minute
960;86.82;0day 0hour 12minute
961;351.97;0day 0hour 18minute
962;358.42;0day 0hour 13minute
963;205.64;0day 0hour 8minute
964;331.83;0day 0hour 8minute
965;639.94;0day 0hour 12minute
966;603.87;0day 0hour 8minute
967;264.59;0day 0hour 20minute
968;368.01;0day 0hour 10minute
969;168.0;0day 0hour 6minute
970;94.65;0day 0hour 16minute
971;278.97;0day 0hour 20minute
972;113.99;0day 0hour 19minute
973;208.98;0day 0hour 20minute
974;421.11;0day 0hour 13minute
975;389.88;0day 0hour 3minute
976;283.35;0day 0hour 5minute
977;234.52;0day 0hour 2minute
978;282.73;0day 0hour 3minute
979;339.14;0day 0hour 11minute
980;259.81;0day 0hour 11minute
981;322.1;0day 0hour 17minute
982;170.99;0day 0hour 8minute
983;628.77;0day 0hour 9minute
984;549.09;0day 0hour 12minute
985;379.79;0day 0hour 9minute
986;304.27;0day 0hour 13minute
987;110.44;0day 0hour 20minute
988;147.09;0day 0hour 3minute
989;213.51;0day 0hour 10minute
990;332.52;0day 0hour 20minute
991;346.25;0day 0hour 9minute
992;173.97;0day 0hour 18minute
993;392.77;0day 0hour 13minute
994;386.89;0day 0hour 7minute
995;248.99;0day 0hour 12minute
996;176.0;0day 0hour 15minute
997;629.35;0day 0hour 19minute
998;484.11;0day 0hour 14minute
999;113.73;0day 0hour 6minute
1000;209.55;0day 0hour 3minute
